[30-Jan-2026 21:02:28 UTC] ADMIN_API: Script iniciado.
[30-Jan-2026 21:02:28 UTC] ADMIN_API: Exception.php carregado com sucesso.
[30-Jan-2026 21:02:28 UTC] ADMIN_API: PHPMailer.php carregado com sucesso.
[30-Jan-2026 21:02:28 UTC] ADMIN_API: SMTP.php carregado com sucesso.
[30-Jan-2026 18:02:28 America/Sao_Paulo] ADMIN_API: config.php carregado com sucesso.
[30-Jan-2026 18:02:28 America/Sao_Paulo] ADMIN_API: Ação recebida: get_admin_dashboard_data
[30-Jan-2026 18:02:28 America/Sao_Paulo] ADMIN_API: Preparing JSON response for action: get_admin_dashboard_data
[30-Jan-2026 21:02:32 UTC] ADMIN_API: Script iniciado.
[30-Jan-2026 21:02:32 UTC] ADMIN_API: Exception.php carregado com sucesso.
[30-Jan-2026 21:02:32 UTC] ADMIN_API: PHPMailer.php carregado com sucesso.
[30-Jan-2026 21:02:32 UTC] ADMIN_API: SMTP.php carregado com sucesso.
[30-Jan-2026 18:02:32 America/Sao_Paulo] ADMIN_API: config.php carregado com sucesso.
[30-Jan-2026 18:02:32 America/Sao_Paulo] ADMIN_API: Ação recebida: get_users
[30-Jan-2026 18:02:32 America/Sao_Paulo] ADMIN_API: Preparing JSON response for action: get_users with role: all
[30-Jan-2026 21:02:42 UTC] ADMIN_API: Script iniciado.
[30-Jan-2026 21:02:42 UTC] ADMIN_API: Exception.php carregado com sucesso.
[30-Jan-2026 21:02:42 UTC] ADMIN_API: PHPMailer.php carregado com sucesso.
[30-Jan-2026 21:02:42 UTC] ADMIN_API: SMTP.php carregado com sucesso.
[30-Jan-2026 18:02:42 America/Sao_Paulo] ADMIN_API: config.php carregado com sucesso.
[30-Jan-2026 18:02:42 America/Sao_Paulo] ADMIN_API: Ação recebida: get_admin_dashboard_data
[30-Jan-2026 18:02:42 America/Sao_Paulo] ADMIN_API: Preparing JSON response for action: get_admin_dashboard_data
[30-Jan-2026 21:02:45 UTC] ADMIN_API: Script iniciado.
[30-Jan-2026 21:02:45 UTC] ADMIN_API: Exception.php carregado com sucesso.
[30-Jan-2026 21:02:45 UTC] ADMIN_API: PHPMailer.php carregado com sucesso.
[30-Jan-2026 21:02:45 UTC] ADMIN_API: SMTP.php carregado com sucesso.
[30-Jan-2026 18:02:45 America/Sao_Paulo] ADMIN_API: config.php carregado com sucesso.
[30-Jan-2026 18:02:45 America/Sao_Paulo] ADMIN_API: Ação recebida: get_users
[30-Jan-2026 18:02:45 America/Sao_Paulo] ADMIN_API: Preparing JSON response for action: get_users with role: all
[30-Jan-2026 21:02:48 UTC] ADMIN_API: Script iniciado.
[30-Jan-2026 21:02:48 UTC] ADMIN_API: Exception.php carregado com sucesso.
[30-Jan-2026 21:02:48 UTC] ADMIN_API: PHPMailer.php carregado com sucesso.
[30-Jan-2026 21:02:48 UTC] ADMIN_API: SMTP.php carregado com sucesso.
[30-Jan-2026 18:02:48 America/Sao_Paulo] ADMIN_API: config.php carregado com sucesso.
[30-Jan-2026 18:02:48 America/Sao_Paulo] ADMIN_API: Ação recebida: get_users
[30-Jan-2026 18:02:48 America/Sao_Paulo] ADMIN_API: Preparing JSON response for action: get_users with role: infoproducer
[30-Jan-2026 21:02:50 UTC] ADMIN_API: Script iniciado.
[30-Jan-2026 21:02:50 UTC] ADMIN_API: Exception.php carregado com sucesso.
[30-Jan-2026 21:02:50 UTC] ADMIN_API: PHPMailer.php carregado com sucesso.
[30-Jan-2026 21:02:50 UTC] ADMIN_API: SMTP.php carregado com sucesso.
[30-Jan-2026 18:02:50 America/Sao_Paulo] ADMIN_API: config.php carregado com sucesso.
[30-Jan-2026 18:02:50 America/Sao_Paulo] ADMIN_API: Ação recebida: get_email_settings
[30-Jan-2026 18:02:50 America/Sao_Paulo] ADMIN_API: Recebida ação get_email_settings.
[30-Jan-2026 21:05:32 UTC] ADMIN_API: Script iniciado.
[30-Jan-2026 21:05:32 UTC] ADMIN_API: Exception.php carregado com sucesso.
[30-Jan-2026 21:05:32 UTC] ADMIN_API: PHPMailer.php carregado com sucesso.
[30-Jan-2026 21:05:32 UTC] ADMIN_API: SMTP.php carregado com sucesso.
[30-Jan-2026 18:05:32 America/Sao_Paulo] ADMIN_API: config.php carregado com sucesso.
[30-Jan-2026 18:05:32 America/Sao_Paulo] ADMIN_API: Ação recebida: get_admin_dashboard_data
[30-Jan-2026 18:05:32 America/Sao_Paulo] ADMIN_API: Preparing JSON response for action: get_admin_dashboard_data
[30-Jan-2026 21:05:36 UTC] ADMIN_API: Script iniciado.
[30-Jan-2026 21:05:36 UTC] ADMIN_API: Exception.php carregado com sucesso.
[30-Jan-2026 21:05:36 UTC] ADMIN_API: PHPMailer.php carregado com sucesso.
[30-Jan-2026 21:05:36 UTC] ADMIN_API: SMTP.php carregado com sucesso.
[30-Jan-2026 18:05:36 America/Sao_Paulo] ADMIN_API: config.php carregado com sucesso.
[30-Jan-2026 18:05:36 America/Sao_Paulo] ADMIN_API: Ação recebida: get_users
[30-Jan-2026 18:05:36 America/Sao_Paulo] ADMIN_API: Preparing JSON response for action: get_users with role: infoproducer
[30-Jan-2026 21:05:42 UTC] ADMIN_API: Script iniciado.
[30-Jan-2026 21:05:42 UTC] ADMIN_API: Exception.php carregado com sucesso.
[30-Jan-2026 21:05:42 UTC] ADMIN_API: PHPMailer.php carregado com sucesso.
[30-Jan-2026 21:05:42 UTC] ADMIN_API: SMTP.php carregado com sucesso.
[30-Jan-2026 18:05:42 America/Sao_Paulo] ADMIN_API: config.php carregado com sucesso.
[30-Jan-2026 18:05:42 America/Sao_Paulo] ADMIN_API: Ação recebida: get_users
[30-Jan-2026 18:05:42 America/Sao_Paulo] ADMIN_API: Preparing JSON response for action: get_users with role: all
[31-Jan-2026 03:26:24 UTC] ADMIN_API: Script iniciado.
[31-Jan-2026 03:26:24 UTC] ADMIN_API: Exception.php carregado com sucesso.
[31-Jan-2026 03:26:24 UTC] ADMIN_API: PHPMailer.php carregado com sucesso.
[31-Jan-2026 03:26:24 UTC] ADMIN_API: SMTP.php carregado com sucesso.
[31-Jan-2026 00:26:24 America/Sao_Paulo] ADMIN_API: config.php carregado com sucesso.
[31-Jan-2026 00:26:24 America/Sao_Paulo] ADMIN_API: Ação recebida: get_admin_dashboard_data
[31-Jan-2026 00:26:24 America/Sao_Paulo] ADMIN_API: Preparing JSON response for action: get_admin_dashboard_data
[31-Jan-2026 03:27:43 UTC] ADMIN_API: Script iniciado.
[31-Jan-2026 03:27:43 UTC] ADMIN_API: Exception.php carregado com sucesso.
[31-Jan-2026 03:27:43 UTC] ADMIN_API: PHPMailer.php carregado com sucesso.
[31-Jan-2026 03:27:43 UTC] ADMIN_API: SMTP.php carregado com sucesso.
[31-Jan-2026 00:27:43 America/Sao_Paulo] ADMIN_API: config.php carregado com sucesso.
[31-Jan-2026 00:27:43 America/Sao_Paulo] ADMIN_API: Ação recebida: get_users
[31-Jan-2026 00:27:43 America/Sao_Paulo] ADMIN_API: Preparing JSON response for action: get_users with role: all
[31-Jan-2026 03:27:45 UTC] ADMIN_API: Script iniciado.
[31-Jan-2026 03:27:45 UTC] ADMIN_API: Exception.php carregado com sucesso.
[31-Jan-2026 03:27:45 UTC] ADMIN_API: PHPMailer.php carregado com sucesso.
[31-Jan-2026 03:27:45 UTC] ADMIN_API: SMTP.php carregado com sucesso.
[31-Jan-2026 00:27:45 America/Sao_Paulo] ADMIN_API: config.php carregado com sucesso.
[31-Jan-2026 00:27:45 America/Sao_Paulo] ADMIN_API: Ação recebida: get_users
[31-Jan-2026 00:27:45 America/Sao_Paulo] ADMIN_API: Preparing JSON response for action: get_users with role: infoproducer
[31-Jan-2026 03:27:47 UTC] ADMIN_API: Script iniciado.
[31-Jan-2026 03:27:47 UTC] ADMIN_API: Exception.php carregado com sucesso.
[31-Jan-2026 03:27:47 UTC] ADMIN_API: PHPMailer.php carregado com sucesso.
[31-Jan-2026 03:27:47 UTC] ADMIN_API: SMTP.php carregado com sucesso.
[31-Jan-2026 00:27:47 America/Sao_Paulo] ADMIN_API: config.php carregado com sucesso.
[31-Jan-2026 00:27:47 America/Sao_Paulo] ADMIN_API: Ação recebida: get_users
[31-Jan-2026 00:27:47 America/Sao_Paulo] ADMIN_API: Preparing JSON response for action: get_users with role: all
[31-Jan-2026 03:27:50 UTC] ADMIN_API: Script iniciado.
[31-Jan-2026 03:27:50 UTC] ADMIN_API: Exception.php carregado com sucesso.
[31-Jan-2026 03:27:50 UTC] ADMIN_API: PHPMailer.php carregado com sucesso.
[31-Jan-2026 03:27:50 UTC] ADMIN_API: SMTP.php carregado com sucesso.
[31-Jan-2026 00:27:50 America/Sao_Paulo] ADMIN_API: config.php carregado com sucesso.
[31-Jan-2026 00:27:50 America/Sao_Paulo] ADMIN_API: Ação recebida: get_users
[31-Jan-2026 00:27:50 America/Sao_Paulo] ADMIN_API: Preparing JSON response for action: get_users with role: infoproducer
[31-Jan-2026 03:27:52 UTC] ADMIN_API: Script iniciado.
[31-Jan-2026 03:27:52 UTC] ADMIN_API: Exception.php carregado com sucesso.
[31-Jan-2026 03:27:52 UTC] ADMIN_API: PHPMailer.php carregado com sucesso.
[31-Jan-2026 03:27:52 UTC] ADMIN_API: SMTP.php carregado com sucesso.
[31-Jan-2026 00:27:52 America/Sao_Paulo] ADMIN_API: config.php carregado com sucesso.
[31-Jan-2026 00:27:52 America/Sao_Paulo] ADMIN_API: Ação recebida: get_users
[31-Jan-2026 00:27:52 America/Sao_Paulo] ADMIN_API: Preparing JSON response for action: get_users with role: all
[31-Jan-2026 03:28:00 UTC] ADMIN_API: Script iniciado.
[31-Jan-2026 03:28:00 UTC] ADMIN_API: Exception.php carregado com sucesso.
[31-Jan-2026 03:28:00 UTC] ADMIN_API: PHPMailer.php carregado com sucesso.
[31-Jan-2026 03:28:00 UTC] ADMIN_API: SMTP.php carregado com sucesso.
[31-Jan-2026 00:28:00 America/Sao_Paulo] ADMIN_API: config.php carregado com sucesso.
[31-Jan-2026 00:28:00 America/Sao_Paulo] ADMIN_API: Ação recebida: get_users
[31-Jan-2026 00:28:00 America/Sao_Paulo] ADMIN_API: Preparing JSON response for action: get_users with role: infoproducer
[31-Jan-2026 03:28:03 UTC] ADMIN_API: Script iniciado.
[31-Jan-2026 03:28:03 UTC] ADMIN_API: Exception.php carregado com sucesso.
[31-Jan-2026 03:28:03 UTC] ADMIN_API: PHPMailer.php carregado com sucesso.
[31-Jan-2026 03:28:03 UTC] ADMIN_API: SMTP.php carregado com sucesso.
[31-Jan-2026 00:28:03 America/Sao_Paulo] ADMIN_API: config.php carregado com sucesso.
[31-Jan-2026 00:28:03 America/Sao_Paulo] ADMIN_API: Ação recebida: get_users
[31-Jan-2026 00:28:03 America/Sao_Paulo] ADMIN_API: Preparing JSON response for action: get_users with role: client
[31-Jan-2026 03:28:06 UTC] ADMIN_API: Script iniciado.
[31-Jan-2026 03:28:06 UTC] ADMIN_API: Exception.php carregado com sucesso.
[31-Jan-2026 03:28:06 UTC] ADMIN_API: PHPMailer.php carregado com sucesso.
[31-Jan-2026 03:28:06 UTC] ADMIN_API: SMTP.php carregado com sucesso.
[31-Jan-2026 00:28:06 America/Sao_Paulo] ADMIN_API: config.php carregado com sucesso.
[31-Jan-2026 00:28:06 America/Sao_Paulo] ADMIN_API: Ação recebida: get_system_settings
[31-Jan-2026 03:28:06 UTC] ADMIN_API: Script iniciado.
[31-Jan-2026 03:28:06 UTC] ADMIN_API: Exception.php carregado com sucesso.
[31-Jan-2026 03:28:06 UTC] ADMIN_API: PHPMailer.php carregado com sucesso.
[31-Jan-2026 03:28:06 UTC] ADMIN_API: SMTP.php carregado com sucesso.
[31-Jan-2026 00:28:06 America/Sao_Paulo] ADMIN_API: config.php carregado com sucesso.
[31-Jan-2026 00:28:06 America/Sao_Paulo] ADMIN_API: Ação recebida: get_license_info
[31-Jan-2026 03:28:26 UTC] ADMIN_API: Script iniciado.
[31-Jan-2026 03:28:26 UTC] ADMIN_API: Exception.php carregado com sucesso.
[31-Jan-2026 03:28:26 UTC] ADMIN_API: PHPMailer.php carregado com sucesso.
[31-Jan-2026 03:28:26 UTC] ADMIN_API: SMTP.php carregado com sucesso.
[31-Jan-2026 00:28:26 America/Sao_Paulo] ADMIN_API: config.php carregado com sucesso.
[31-Jan-2026 00:28:26 America/Sao_Paulo] ADMIN_API: Ação recebida: upload_logo
[31-Jan-2026 00:28:26 America/Sao_Paulo] ADMIN_API upload_logo: target_path (relativo)=uploads/config/logo_1769830106.png
[31-Jan-2026 00:28:26 America/Sao_Paulo] ADMIN_API upload_logo: target_path (absoluto)=/home/u527060234/domains/vitrineacademy.com.br/public_html/gatewaypro1/api/../uploads/config/logo_1769830106.png
[31-Jan-2026 00:28:26 America/Sao_Paulo] ADMIN_API upload_logo: upload_dir exists=YES
[31-Jan-2026 00:28:26 America/Sao_Paulo] ADMIN_API upload_logo: upload_dir writable=YES
[31-Jan-2026 00:28:26 America/Sao_Paulo] ADMIN_API upload_logo: Arquivo movido com sucesso para: /home/u527060234/domains/vitrineacademy.com.br/public_html/gatewaypro1/api/../uploads/config/logo_1769830106.png
[31-Jan-2026 00:28:26 America/Sao_Paulo] ADMIN_API upload_logo: Arquivo confirmado existente após mover
[31-Jan-2026 00:28:26 America/Sao_Paulo] ADMIN_API upload_logo: Configuração salva no banco: uploads/config/logo_1769830106.png
[31-Jan-2026 03:28:44 UTC] ADMIN_API: Script iniciado.
[31-Jan-2026 03:28:44 UTC] ADMIN_API: Exception.php carregado com sucesso.
[31-Jan-2026 03:28:44 UTC] ADMIN_API: PHPMailer.php carregado com sucesso.
[31-Jan-2026 03:28:44 UTC] ADMIN_API: SMTP.php carregado com sucesso.
[31-Jan-2026 00:28:44 America/Sao_Paulo] ADMIN_API: config.php carregado com sucesso.
[31-Jan-2026 00:28:44 America/Sao_Paulo] ADMIN_API: Ação recebida: upload_logo_checkout
[31-Jan-2026 03:29:03 UTC] ADMIN_API: Script iniciado.
[31-Jan-2026 03:29:03 UTC] ADMIN_API: Exception.php carregado com sucesso.
[31-Jan-2026 03:29:03 UTC] ADMIN_API: PHPMailer.php carregado com sucesso.
[31-Jan-2026 03:29:03 UTC] ADMIN_API: SMTP.php carregado com sucesso.
[31-Jan-2026 00:29:03 America/Sao_Paulo] ADMIN_API: config.php carregado com sucesso.
[31-Jan-2026 00:29:03 America/Sao_Paulo] ADMIN_API: Ação recebida: upload_favicon
[31-Jan-2026 03:29:25 UTC] ADMIN_API: Script iniciado.
[31-Jan-2026 03:29:25 UTC] ADMIN_API: Exception.php carregado com sucesso.
[31-Jan-2026 03:29:25 UTC] ADMIN_API: PHPMailer.php carregado com sucesso.
[31-Jan-2026 03:29:25 UTC] ADMIN_API: SMTP.php carregado com sucesso.
[31-Jan-2026 00:29:25 America/Sao_Paulo] ADMIN_API: config.php carregado com sucesso.
[31-Jan-2026 00:29:25 America/Sao_Paulo] ADMIN_API: Ação recebida: get_license_info
[31-Jan-2026 03:29:25 UTC] ADMIN_API: Script iniciado.
[31-Jan-2026 03:29:25 UTC] ADMIN_API: Exception.php carregado com sucesso.
[31-Jan-2026 03:29:25 UTC] ADMIN_API: PHPMailer.php carregado com sucesso.
[31-Jan-2026 03:29:25 UTC] ADMIN_API: SMTP.php carregado com sucesso.
[31-Jan-2026 00:29:25 America/Sao_Paulo] ADMIN_API: config.php carregado com sucesso.
[31-Jan-2026 00:29:25 America/Sao_Paulo] ADMIN_API: Ação recebida: get_system_settings
[31-Jan-2026 03:34:05 UTC] ADMIN_API: Script iniciado.
[31-Jan-2026 03:34:05 UTC] ADMIN_API: Exception.php carregado com sucesso.
[31-Jan-2026 03:34:05 UTC] ADMIN_API: PHPMailer.php carregado com sucesso.
[31-Jan-2026 03:34:05 UTC] ADMIN_API: SMTP.php carregado com sucesso.
[31-Jan-2026 00:34:05 America/Sao_Paulo] ADMIN_API: config.php carregado com sucesso.
[31-Jan-2026 00:34:05 America/Sao_Paulo] ADMIN_API: Ação recebida: get_admin_dashboard_data
[31-Jan-2026 00:34:05 America/Sao_Paulo] ADMIN_API: Preparing JSON response for action: get_admin_dashboard_data
[31-Jan-2026 03:34:09 UTC] ADMIN_API: Script iniciado.
[31-Jan-2026 03:34:09 UTC] ADMIN_API: Exception.php carregado com sucesso.
[31-Jan-2026 03:34:09 UTC] ADMIN_API: PHPMailer.php carregado com sucesso.
[31-Jan-2026 03:34:09 UTC] ADMIN_API: SMTP.php carregado com sucesso.
[31-Jan-2026 00:34:09 America/Sao_Paulo] ADMIN_API: config.php carregado com sucesso.
[31-Jan-2026 00:34:09 America/Sao_Paulo] ADMIN_API: Ação recebida: get_system_settings
[31-Jan-2026 03:34:09 UTC] ADMIN_API: Script iniciado.
[31-Jan-2026 03:34:09 UTC] ADMIN_API: Exception.php carregado com sucesso.
[31-Jan-2026 03:34:09 UTC] ADMIN_API: PHPMailer.php carregado com sucesso.
[31-Jan-2026 03:34:09 UTC] ADMIN_API: SMTP.php carregado com sucesso.
[31-Jan-2026 00:34:09 America/Sao_Paulo] ADMIN_API: config.php carregado com sucesso.
[31-Jan-2026 00:34:09 America/Sao_Paulo] ADMIN_API: Ação recebida: get_license_info
[31-Jan-2026 03:34:40 UTC] ADMIN_API: Script iniciado.
[31-Jan-2026 03:34:40 UTC] ADMIN_API: Exception.php carregado com sucesso.
[31-Jan-2026 03:34:40 UTC] ADMIN_API: PHPMailer.php carregado com sucesso.
[31-Jan-2026 03:34:40 UTC] ADMIN_API: SMTP.php carregado com sucesso.
[31-Jan-2026 00:34:40 America/Sao_Paulo] ADMIN_API: config.php carregado com sucesso.
[31-Jan-2026 00:34:40 America/Sao_Paulo] ADMIN_API: Ação recebida: get_admin_dashboard_data
[31-Jan-2026 00:34:40 America/Sao_Paulo] ADMIN_API: Preparing JSON response for action: get_admin_dashboard_data
[31-Jan-2026 03:34:43 UTC] ADMIN_API: Script iniciado.
[31-Jan-2026 03:34:43 UTC] ADMIN_API: Exception.php carregado com sucesso.
[31-Jan-2026 03:34:43 UTC] ADMIN_API: PHPMailer.php carregado com sucesso.
[31-Jan-2026 03:34:43 UTC] ADMIN_API: SMTP.php carregado com sucesso.
[31-Jan-2026 00:34:43 America/Sao_Paulo] ADMIN_API: config.php carregado com sucesso.
[31-Jan-2026 00:34:43 America/Sao_Paulo] ADMIN_API: Ação recebida: get_system_settings
[31-Jan-2026 03:34:43 UTC] ADMIN_API: Script iniciado.
[31-Jan-2026 03:34:43 UTC] ADMIN_API: Exception.php carregado com sucesso.
[31-Jan-2026 03:34:43 UTC] ADMIN_API: PHPMailer.php carregado com sucesso.
[31-Jan-2026 03:34:43 UTC] ADMIN_API: SMTP.php carregado com sucesso.
[31-Jan-2026 00:34:43 America/Sao_Paulo] ADMIN_API: config.php carregado com sucesso.
[31-Jan-2026 00:34:43 America/Sao_Paulo] ADMIN_API: Ação recebida: get_license_info
[31-Jan-2026 03:34:46 UTC] ADMIN_API: Script iniciado.
[31-Jan-2026 03:34:46 UTC] ADMIN_API: Exception.php carregado com sucesso.
[31-Jan-2026 03:34:46 UTC] ADMIN_API: PHPMailer.php carregado com sucesso.
[31-Jan-2026 03:34:46 UTC] ADMIN_API: SMTP.php carregado com sucesso.
[31-Jan-2026 00:34:46 America/Sao_Paulo] ADMIN_API: config.php carregado com sucesso.
[31-Jan-2026 00:34:46 America/Sao_Paulo] ADMIN_API: Ação recebida: save_system_settings
[31-Jan-2026 00:34:46 America/Sao_Paulo] ADMIN_API save_system_settings: Raw input: {"cor_primaria":"#FF6A00"}
[31-Jan-2026 00:34:46 America/Sao_Paulo] ADMIN_API save_system_settings: Dados recebidos: {"cor_primaria":"#FF6A00"}
[31-Jan-2026 00:34:46 America/Sao_Paulo] ADMIN_API: nome_plataforma não está definido no data
[31-Jan-2026 03:34:49 UTC] ADMIN_API: Script iniciado.
[31-Jan-2026 03:34:49 UTC] ADMIN_API: Exception.php carregado com sucesso.
[31-Jan-2026 03:34:49 UTC] ADMIN_API: PHPMailer.php carregado com sucesso.
[31-Jan-2026 03:34:49 UTC] ADMIN_API: SMTP.php carregado com sucesso.
[31-Jan-2026 00:34:49 America/Sao_Paulo] ADMIN_API: config.php carregado com sucesso.
[31-Jan-2026 00:34:49 America/Sao_Paulo] ADMIN_API: Ação recebida: get_license_info
[31-Jan-2026 03:34:49 UTC] ADMIN_API: Script iniciado.
[31-Jan-2026 03:34:49 UTC] ADMIN_API: Exception.php carregado com sucesso.
[31-Jan-2026 03:34:49 UTC] ADMIN_API: PHPMailer.php carregado com sucesso.
[31-Jan-2026 03:34:49 UTC] ADMIN_API: SMTP.php carregado com sucesso.
[31-Jan-2026 00:34:49 America/Sao_Paulo] ADMIN_API: config.php carregado com sucesso.
[31-Jan-2026 00:34:49 America/Sao_Paulo] ADMIN_API: Ação recebida: get_system_settings
[31-Jan-2026 03:34:50 UTC] ADMIN_API: Script iniciado.
[31-Jan-2026 03:34:50 UTC] ADMIN_API: Exception.php carregado com sucesso.
[31-Jan-2026 03:34:50 UTC] ADMIN_API: PHPMailer.php carregado com sucesso.
[31-Jan-2026 03:34:50 UTC] ADMIN_API: SMTP.php carregado com sucesso.
[31-Jan-2026 00:34:50 America/Sao_Paulo] ADMIN_API: config.php carregado com sucesso.
[31-Jan-2026 00:34:50 America/Sao_Paulo] ADMIN_API: Ação recebida: get_admin_dashboard_data
[31-Jan-2026 00:34:50 America/Sao_Paulo] ADMIN_API: Preparing JSON response for action: get_admin_dashboard_data
[31-Jan-2026 03:34:53 UTC] ADMIN_API: Script iniciado.
[31-Jan-2026 03:34:53 UTC] ADMIN_API: Exception.php carregado com sucesso.
[31-Jan-2026 03:34:53 UTC] ADMIN_API: PHPMailer.php carregado com sucesso.
[31-Jan-2026 03:34:53 UTC] ADMIN_API: SMTP.php carregado com sucesso.
[31-Jan-2026 00:34:53 America/Sao_Paulo] ADMIN_API: config.php carregado com sucesso.
[31-Jan-2026 00:34:53 America/Sao_Paulo] ADMIN_API: Ação recebida: get_users
[31-Jan-2026 00:34:53 America/Sao_Paulo] ADMIN_API: Preparing JSON response for action: get_users with role: all
[31-Jan-2026 03:34:54 UTC] ADMIN_API: Script iniciado.
[31-Jan-2026 03:34:54 UTC] ADMIN_API: Exception.php carregado com sucesso.
[31-Jan-2026 03:34:54 UTC] ADMIN_API: PHPMailer.php carregado com sucesso.
[31-Jan-2026 03:34:54 UTC] ADMIN_API: SMTP.php carregado com sucesso.
[31-Jan-2026 00:34:54 America/Sao_Paulo] ADMIN_API: config.php carregado com sucesso.
[31-Jan-2026 00:34:54 America/Sao_Paulo] ADMIN_API: Ação recebida: get_admin_dashboard_data
[31-Jan-2026 00:34:54 America/Sao_Paulo] ADMIN_API: Preparing JSON response for action: get_admin_dashboard_data
[31-Jan-2026 03:34:57 UTC] ADMIN_API: Script iniciado.
[31-Jan-2026 03:34:57 UTC] ADMIN_API: Exception.php carregado com sucesso.
[31-Jan-2026 03:34:57 UTC] ADMIN_API: PHPMailer.php carregado com sucesso.
[31-Jan-2026 03:34:57 UTC] ADMIN_API: SMTP.php carregado com sucesso.
[31-Jan-2026 00:34:57 America/Sao_Paulo] ADMIN_API: config.php carregado com sucesso.
[31-Jan-2026 00:34:57 America/Sao_Paulo] ADMIN_API: Ação recebida: get_users
[31-Jan-2026 00:34:57 America/Sao_Paulo] ADMIN_API: Preparing JSON response for action: get_users with role: all
[31-Jan-2026 03:34:58 UTC] ADMIN_API: Script iniciado.
[31-Jan-2026 03:34:58 UTC] ADMIN_API: Exception.php carregado com sucesso.
[31-Jan-2026 03:34:58 UTC] ADMIN_API: PHPMailer.php carregado com sucesso.
[31-Jan-2026 03:34:58 UTC] ADMIN_API: SMTP.php carregado com sucesso.
[31-Jan-2026 00:34:58 America/Sao_Paulo] ADMIN_API: config.php carregado com sucesso.
[31-Jan-2026 00:34:58 America/Sao_Paulo] ADMIN_API: Ação recebida: get_users
[31-Jan-2026 00:34:58 America/Sao_Paulo] ADMIN_API: Preparing JSON response for action: get_users with role: infoproducer
[31-Jan-2026 03:34:59 UTC] ADMIN_API: Script iniciado.
[31-Jan-2026 03:34:59 UTC] ADMIN_API: Exception.php carregado com sucesso.
[31-Jan-2026 03:34:59 UTC] ADMIN_API: PHPMailer.php carregado com sucesso.
[31-Jan-2026 03:34:59 UTC] ADMIN_API: SMTP.php carregado com sucesso.
[31-Jan-2026 00:34:59 America/Sao_Paulo] ADMIN_API: config.php carregado com sucesso.
[31-Jan-2026 00:34:59 America/Sao_Paulo] ADMIN_API: Ação recebida: get_users
[31-Jan-2026 00:34:59 America/Sao_Paulo] ADMIN_API: Preparing JSON response for action: get_users with role: client
[31-Jan-2026 03:35:00 UTC] ADMIN_API: Script iniciado.
[31-Jan-2026 03:35:00 UTC] ADMIN_API: Exception.php carregado com sucesso.
[31-Jan-2026 03:35:00 UTC] ADMIN_API: PHPMailer.php carregado com sucesso.
[31-Jan-2026 03:35:00 UTC] ADMIN_API: SMTP.php carregado com sucesso.
[31-Jan-2026 00:35:00 America/Sao_Paulo] ADMIN_API: config.php carregado com sucesso.
[31-Jan-2026 00:35:00 America/Sao_Paulo] ADMIN_API: Ação recebida: get_email_settings
[31-Jan-2026 00:35:00 America/Sao_Paulo] ADMIN_API: Recebida ação get_email_settings.
[31-Jan-2026 03:35:01 UTC] ADMIN_API: Script iniciado.
[31-Jan-2026 03:35:01 UTC] ADMIN_API: Exception.php carregado com sucesso.
[31-Jan-2026 03:35:01 UTC] ADMIN_API: PHPMailer.php carregado com sucesso.
[31-Jan-2026 03:35:01 UTC] ADMIN_API: SMTP.php carregado com sucesso.
[31-Jan-2026 00:35:01 America/Sao_Paulo] ADMIN_API: config.php carregado com sucesso.
[31-Jan-2026 00:35:01 America/Sao_Paulo] ADMIN_API: Ação recebida: get_system_settings
[31-Jan-2026 03:35:01 UTC] ADMIN_API: Script iniciado.
[31-Jan-2026 03:35:01 UTC] ADMIN_API: Exception.php carregado com sucesso.
[31-Jan-2026 03:35:01 UTC] ADMIN_API: PHPMailer.php carregado com sucesso.
[31-Jan-2026 03:35:01 UTC] ADMIN_API: SMTP.php carregado com sucesso.
[31-Jan-2026 00:35:01 America/Sao_Paulo] ADMIN_API: config.php carregado com sucesso.
[31-Jan-2026 00:35:01 America/Sao_Paulo] ADMIN_API: Ação recebida: get_license_info
[31-Jan-2026 03:35:06 UTC] ADMIN_API: Script iniciado.
[31-Jan-2026 03:35:06 UTC] ADMIN_API: Exception.php carregado com sucesso.
[31-Jan-2026 03:35:06 UTC] ADMIN_API: PHPMailer.php carregado com sucesso.
[31-Jan-2026 03:35:06 UTC] ADMIN_API: SMTP.php carregado com sucesso.
[31-Jan-2026 00:35:06 America/Sao_Paulo] ADMIN_API: config.php carregado com sucesso.
[31-Jan-2026 00:35:06 America/Sao_Paulo] ADMIN_API: Ação recebida: get_email_settings
[31-Jan-2026 00:35:06 America/Sao_Paulo] ADMIN_API: Recebida ação get_email_settings.
[31-Jan-2026 03:35:08 UTC] ADMIN_API: Script iniciado.
[31-Jan-2026 03:35:08 UTC] ADMIN_API: Exception.php carregado com sucesso.
[31-Jan-2026 03:35:08 UTC] ADMIN_API: PHPMailer.php carregado com sucesso.
[31-Jan-2026 03:35:08 UTC] ADMIN_API: SMTP.php carregado com sucesso.
[31-Jan-2026 00:35:08 America/Sao_Paulo] ADMIN_API: config.php carregado com sucesso.
[31-Jan-2026 00:35:08 America/Sao_Paulo] ADMIN_API: Ação recebida: get_admin_dashboard_data
[31-Jan-2026 00:35:08 America/Sao_Paulo] ADMIN_API: Preparing JSON response for action: get_admin_dashboard_data
[31-Jan-2026 03:35:09 UTC] ADMIN_API: Script iniciado.
[31-Jan-2026 03:35:09 UTC] ADMIN_API: Exception.php carregado com sucesso.
[31-Jan-2026 03:35:09 UTC] ADMIN_API: PHPMailer.php carregado com sucesso.
[31-Jan-2026 03:35:09 UTC] ADMIN_API: SMTP.php carregado com sucesso.
[31-Jan-2026 00:35:09 America/Sao_Paulo] ADMIN_API: config.php carregado com sucesso.
[31-Jan-2026 00:35:09 America/Sao_Paulo] ADMIN_API: Ação recebida: get_email_settings
[31-Jan-2026 00:35:09 America/Sao_Paulo] ADMIN_API: Recebida ação get_email_settings.
[31-Jan-2026 03:35:14 UTC] ADMIN_API: Script iniciado.
[31-Jan-2026 03:35:14 UTC] ADMIN_API: Exception.php carregado com sucesso.
[31-Jan-2026 03:35:14 UTC] ADMIN_API: PHPMailer.php carregado com sucesso.
[31-Jan-2026 03:35:14 UTC] ADMIN_API: SMTP.php carregado com sucesso.
[31-Jan-2026 00:35:14 America/Sao_Paulo] ADMIN_API: config.php carregado com sucesso.
[31-Jan-2026 00:35:14 America/Sao_Paulo] ADMIN_API: Ação recebida: get_admin_dashboard_data
[31-Jan-2026 00:35:14 America/Sao_Paulo] ADMIN_API: Preparing JSON response for action: get_admin_dashboard_data
[31-Jan-2026 03:35:16 UTC] ADMIN_API: Script iniciado.
[31-Jan-2026 03:35:16 UTC] ADMIN_API: Exception.php carregado com sucesso.
[31-Jan-2026 03:35:16 UTC] ADMIN_API: PHPMailer.php carregado com sucesso.
[31-Jan-2026 03:35:16 UTC] ADMIN_API: SMTP.php carregado com sucesso.
[31-Jan-2026 00:35:16 America/Sao_Paulo] ADMIN_API: config.php carregado com sucesso.
[31-Jan-2026 00:35:16 America/Sao_Paulo] ADMIN_API: Ação recebida: get_users
[31-Jan-2026 00:35:16 America/Sao_Paulo] ADMIN_API: Preparing JSON response for action: get_users with role: all
[31-Jan-2026 03:35:17 UTC] ADMIN_API: Script iniciado.
[31-Jan-2026 03:35:17 UTC] ADMIN_API: Exception.php carregado com sucesso.
[31-Jan-2026 03:35:17 UTC] ADMIN_API: PHPMailer.php carregado com sucesso.
[31-Jan-2026 03:35:17 UTC] ADMIN_API: SMTP.php carregado com sucesso.
[31-Jan-2026 00:35:17 America/Sao_Paulo] ADMIN_API: config.php carregado com sucesso.
[31-Jan-2026 00:35:17 America/Sao_Paulo] ADMIN_API: Ação recebida: get_admin_dashboard_data
[31-Jan-2026 00:35:17 America/Sao_Paulo] ADMIN_API: Preparing JSON response for action: get_admin_dashboard_data
[31-Jan-2026 03:35:18 UTC] ADMIN_API: Script iniciado.
[31-Jan-2026 03:35:18 UTC] ADMIN_API: Exception.php carregado com sucesso.
[31-Jan-2026 03:35:18 UTC] ADMIN_API: PHPMailer.php carregado com sucesso.
[31-Jan-2026 03:35:18 UTC] ADMIN_API: SMTP.php carregado com sucesso.
[31-Jan-2026 00:35:18 America/Sao_Paulo] ADMIN_API: config.php carregado com sucesso.
[31-Jan-2026 00:35:18 America/Sao_Paulo] ADMIN_API: Ação recebida: get_admin_dashboard_data
[31-Jan-2026 00:35:18 America/Sao_Paulo] ADMIN_API: Preparing JSON response for action: get_admin_dashboard_data
[31-Jan-2026 03:35:20 UTC] ADMIN_API: Script iniciado.
[31-Jan-2026 03:35:20 UTC] ADMIN_API: Exception.php carregado com sucesso.
[31-Jan-2026 03:35:20 UTC] ADMIN_API: PHPMailer.php carregado com sucesso.
[31-Jan-2026 03:35:20 UTC] ADMIN_API: SMTP.php carregado com sucesso.
[31-Jan-2026 00:35:20 America/Sao_Paulo] ADMIN_API: config.php carregado com sucesso.
[31-Jan-2026 00:35:20 America/Sao_Paulo] ADMIN_API: Ação recebida: get_users
[31-Jan-2026 00:35:20 America/Sao_Paulo] ADMIN_API: Preparing JSON response for action: get_users with role: all
[31-Jan-2026 03:35:34 UTC] ADMIN_API: Script iniciado.
[31-Jan-2026 03:35:34 UTC] ADMIN_API: Exception.php carregado com sucesso.
[31-Jan-2026 03:35:34 UTC] ADMIN_API: PHPMailer.php carregado com sucesso.
[31-Jan-2026 03:35:34 UTC] ADMIN_API: SMTP.php carregado com sucesso.
[31-Jan-2026 00:35:34 America/Sao_Paulo] ADMIN_API: config.php carregado com sucesso.
[31-Jan-2026 00:35:34 America/Sao_Paulo] ADMIN_API: Ação recebida: get_users
[31-Jan-2026 00:35:34 America/Sao_Paulo] ADMIN_API: Preparing JSON response for action: get_users with role: infoproducer
[31-Jan-2026 03:35:35 UTC] ADMIN_API: Script iniciado.
[31-Jan-2026 03:35:35 UTC] ADMIN_API: Exception.php carregado com sucesso.
[31-Jan-2026 03:35:35 UTC] ADMIN_API: PHPMailer.php carregado com sucesso.
[31-Jan-2026 03:35:35 UTC] ADMIN_API: SMTP.php carregado com sucesso.
[31-Jan-2026 00:35:35 America/Sao_Paulo] ADMIN_API: config.php carregado com sucesso.
[31-Jan-2026 00:35:35 America/Sao_Paulo] ADMIN_API: Ação recebida: get_users
[31-Jan-2026 00:35:35 America/Sao_Paulo] ADMIN_API: Preparing JSON response for action: get_users with role: client
[31-Jan-2026 03:35:36 UTC] ADMIN_API: Script iniciado.
[31-Jan-2026 03:35:36 UTC] ADMIN_API: Exception.php carregado com sucesso.
[31-Jan-2026 03:35:36 UTC] ADMIN_API: PHPMailer.php carregado com sucesso.
[31-Jan-2026 03:35:36 UTC] ADMIN_API: SMTP.php carregado com sucesso.
[31-Jan-2026 00:35:36 America/Sao_Paulo] ADMIN_API: config.php carregado com sucesso.
[31-Jan-2026 00:35:36 America/Sao_Paulo] ADMIN_API: Ação recebida: get_email_settings
[31-Jan-2026 00:35:36 America/Sao_Paulo] ADMIN_API: Recebida ação get_email_settings.
[31-Jan-2026 03:35:37 UTC] ADMIN_API: Script iniciado.
[31-Jan-2026 03:35:37 UTC] ADMIN_API: Exception.php carregado com sucesso.
[31-Jan-2026 03:35:37 UTC] ADMIN_API: PHPMailer.php carregado com sucesso.
[31-Jan-2026 03:35:37 UTC] ADMIN_API: SMTP.php carregado com sucesso.
[31-Jan-2026 00:35:37 America/Sao_Paulo] ADMIN_API: config.php carregado com sucesso.
[31-Jan-2026 00:35:37 America/Sao_Paulo] ADMIN_API: Ação recebida: get_system_settings
[31-Jan-2026 03:35:37 UTC] ADMIN_API: Script iniciado.
[31-Jan-2026 03:35:37 UTC] ADMIN_API: Exception.php carregado com sucesso.
[31-Jan-2026 03:35:37 UTC] ADMIN_API: PHPMailer.php carregado com sucesso.
[31-Jan-2026 03:35:37 UTC] ADMIN_API: SMTP.php carregado com sucesso.
[31-Jan-2026 00:35:37 America/Sao_Paulo] ADMIN_API: config.php carregado com sucesso.
[31-Jan-2026 00:35:37 America/Sao_Paulo] ADMIN_API: Ação recebida: get_license_info
[31-Jan-2026 03:35:43 UTC] ADMIN_API: Script iniciado.
[31-Jan-2026 03:35:43 UTC] ADMIN_API: Exception.php carregado com sucesso.
[31-Jan-2026 03:35:43 UTC] ADMIN_API: PHPMailer.php carregado com sucesso.
[31-Jan-2026 03:35:43 UTC] ADMIN_API: SMTP.php carregado com sucesso.
[31-Jan-2026 00:35:43 America/Sao_Paulo] ADMIN_API: config.php carregado com sucesso.
[31-Jan-2026 00:35:43 America/Sao_Paulo] ADMIN_API: Ação recebida: get_email_settings
[31-Jan-2026 00:35:43 America/Sao_Paulo] ADMIN_API: Recebida ação get_email_settings.
[31-Jan-2026 03:35:46 UTC] ADMIN_API: Script iniciado.
[31-Jan-2026 03:35:46 UTC] ADMIN_API: Exception.php carregado com sucesso.
[31-Jan-2026 03:35:46 UTC] ADMIN_API: PHPMailer.php carregado com sucesso.
[31-Jan-2026 03:35:46 UTC] ADMIN_API: SMTP.php carregado com sucesso.
[31-Jan-2026 00:35:46 America/Sao_Paulo] ADMIN_API: config.php carregado com sucesso.
[31-Jan-2026 00:35:46 America/Sao_Paulo] ADMIN_API: Ação recebida: get_admin_dashboard_data
[31-Jan-2026 00:35:46 America/Sao_Paulo] ADMIN_API: Preparing JSON response for action: get_admin_dashboard_data
[31-Jan-2026 03:35:48 UTC] ADMIN_API: Script iniciado.
[31-Jan-2026 03:35:48 UTC] ADMIN_API: Exception.php carregado com sucesso.
[31-Jan-2026 03:35:48 UTC] ADMIN_API: PHPMailer.php carregado com sucesso.
[31-Jan-2026 03:35:48 UTC] ADMIN_API: SMTP.php carregado com sucesso.
[31-Jan-2026 00:35:48 America/Sao_Paulo] ADMIN_API: config.php carregado com sucesso.
[31-Jan-2026 00:35:48 America/Sao_Paulo] ADMIN_API: Ação recebida: get_users
[31-Jan-2026 00:35:48 America/Sao_Paulo] ADMIN_API: Preparing JSON response for action: get_users with role: all
[31-Jan-2026 03:35:51 UTC] ADMIN_API: Script iniciado.
[31-Jan-2026 03:35:51 UTC] ADMIN_API: Exception.php carregado com sucesso.
[31-Jan-2026 03:35:51 UTC] ADMIN_API: PHPMailer.php carregado com sucesso.
[31-Jan-2026 03:35:51 UTC] ADMIN_API: SMTP.php carregado com sucesso.
[31-Jan-2026 00:35:51 America/Sao_Paulo] ADMIN_API: config.php carregado com sucesso.
[31-Jan-2026 00:35:51 America/Sao_Paulo] ADMIN_API: Ação recebida: get_system_settings
[31-Jan-2026 03:35:51 UTC] ADMIN_API: Script iniciado.
[31-Jan-2026 03:35:51 UTC] ADMIN_API: Exception.php carregado com sucesso.
[31-Jan-2026 03:35:51 UTC] ADMIN_API: PHPMailer.php carregado com sucesso.
[31-Jan-2026 03:35:51 UTC] ADMIN_API: SMTP.php carregado com sucesso.
[31-Jan-2026 00:35:51 America/Sao_Paulo] ADMIN_API: config.php carregado com sucesso.
[31-Jan-2026 00:35:51 America/Sao_Paulo] ADMIN_API: Ação recebida: get_license_info
[31-Jan-2026 03:36:00 UTC] ADMIN_API: Script iniciado.
[31-Jan-2026 03:36:00 UTC] ADMIN_API: Exception.php carregado com sucesso.
[31-Jan-2026 03:36:00 UTC] ADMIN_API: PHPMailer.php carregado com sucesso.
[31-Jan-2026 03:36:00 UTC] ADMIN_API: SMTP.php carregado com sucesso.
[31-Jan-2026 00:36:00 America/Sao_Paulo] ADMIN_API: config.php carregado com sucesso.
[31-Jan-2026 00:36:00 America/Sao_Paulo] ADMIN_API: Ação recebida: save_system_settings
[31-Jan-2026 00:36:00 America/Sao_Paulo] ADMIN_API save_system_settings: Raw input: {"cor_primaria":"#32e768"}
[31-Jan-2026 00:36:00 America/Sao_Paulo] ADMIN_API save_system_settings: Dados recebidos: {"cor_primaria":"#32e768"}
[31-Jan-2026 00:36:00 America/Sao_Paulo] ADMIN_API: nome_plataforma não está definido no data
[31-Jan-2026 03:36:03 UTC] ADMIN_API: Script iniciado.
[31-Jan-2026 03:36:03 UTC] ADMIN_API: Exception.php carregado com sucesso.
[31-Jan-2026 03:36:03 UTC] ADMIN_API: PHPMailer.php carregado com sucesso.
[31-Jan-2026 03:36:03 UTC] ADMIN_API: SMTP.php carregado com sucesso.
[31-Jan-2026 00:36:03 America/Sao_Paulo] ADMIN_API: config.php carregado com sucesso.
[31-Jan-2026 00:36:03 America/Sao_Paulo] ADMIN_API: Ação recebida: get_users
[31-Jan-2026 00:36:03 America/Sao_Paulo] ADMIN_API: Preparing JSON response for action: get_users with role: infoproducer
[31-Jan-2026 03:36:04 UTC] ADMIN_API: Script iniciado.
[31-Jan-2026 03:36:04 UTC] ADMIN_API: Exception.php carregado com sucesso.
[31-Jan-2026 03:36:04 UTC] ADMIN_API: PHPMailer.php carregado com sucesso.
[31-Jan-2026 03:36:04 UTC] ADMIN_API: SMTP.php carregado com sucesso.
[31-Jan-2026 00:36:04 America/Sao_Paulo] ADMIN_API: config.php carregado com sucesso.
[31-Jan-2026 00:36:04 America/Sao_Paulo] ADMIN_API: Ação recebida: get_admin_dashboard_data
[31-Jan-2026 00:36:04 America/Sao_Paulo] ADMIN_API: Preparing JSON response for action: get_admin_dashboard_data
[31-Jan-2026 03:36:05 UTC] ADMIN_API: Script iniciado.
[31-Jan-2026 03:36:05 UTC] ADMIN_API: Exception.php carregado com sucesso.
[31-Jan-2026 03:36:05 UTC] ADMIN_API: PHPMailer.php carregado com sucesso.
[31-Jan-2026 03:36:05 UTC] ADMIN_API: SMTP.php carregado com sucesso.
[31-Jan-2026 00:36:05 America/Sao_Paulo] ADMIN_API: config.php carregado com sucesso.
[31-Jan-2026 00:36:05 America/Sao_Paulo] ADMIN_API: Ação recebida: get_users
[31-Jan-2026 00:36:05 America/Sao_Paulo] ADMIN_API: Preparing JSON response for action: get_users with role: client
[31-Jan-2026 03:36:06 UTC] ADMIN_API: Script iniciado.
[31-Jan-2026 03:36:06 UTC] ADMIN_API: Exception.php carregado com sucesso.
[31-Jan-2026 03:36:06 UTC] ADMIN_API: PHPMailer.php carregado com sucesso.
[31-Jan-2026 03:36:06 UTC] ADMIN_API: SMTP.php carregado com sucesso.
[31-Jan-2026 00:36:06 America/Sao_Paulo] ADMIN_API: config.php carregado com sucesso.
[31-Jan-2026 00:36:06 America/Sao_Paulo] ADMIN_API: Ação recebida: get_users
[31-Jan-2026 00:36:06 America/Sao_Paulo] ADMIN_API: Preparing JSON response for action: get_users with role: infoproducer
[31-Jan-2026 03:36:09 UTC] ADMIN_API: Script iniciado.
[31-Jan-2026 03:36:09 UTC] ADMIN_API: Exception.php carregado com sucesso.
[31-Jan-2026 03:36:09 UTC] ADMIN_API: PHPMailer.php carregado com sucesso.
[31-Jan-2026 03:36:09 UTC] ADMIN_API: SMTP.php carregado com sucesso.
[31-Jan-2026 00:36:09 America/Sao_Paulo] ADMIN_API: config.php carregado com sucesso.
[31-Jan-2026 00:36:09 America/Sao_Paulo] ADMIN_API: Ação recebida: get_admin_dashboard_data
[31-Jan-2026 00:36:09 America/Sao_Paulo] ADMIN_API: Preparing JSON response for action: get_admin_dashboard_data
[31-Jan-2026 03:36:46 UTC] ADMIN_API: Script iniciado.
[31-Jan-2026 03:36:46 UTC] ADMIN_API: Exception.php carregado com sucesso.
[31-Jan-2026 03:36:46 UTC] ADMIN_API: PHPMailer.php carregado com sucesso.
[31-Jan-2026 03:36:46 UTC] ADMIN_API: SMTP.php carregado com sucesso.
[31-Jan-2026 00:36:46 America/Sao_Paulo] ADMIN_API: config.php carregado com sucesso.
[31-Jan-2026 00:36:46 America/Sao_Paulo] ADMIN_API: Ação recebida: get_admin_dashboard_data
[31-Jan-2026 00:36:46 America/Sao_Paulo] ADMIN_API: Preparing JSON response for action: get_admin_dashboard_data
[31-Jan-2026 03:43:11 UTC] ADMIN_API: Script iniciado.
[31-Jan-2026 03:43:11 UTC] ADMIN_API: Exception.php carregado com sucesso.
[31-Jan-2026 03:43:11 UTC] ADMIN_API: PHPMailer.php carregado com sucesso.
[31-Jan-2026 03:43:11 UTC] ADMIN_API: SMTP.php carregado com sucesso.
[31-Jan-2026 00:43:11 America/Sao_Paulo] ADMIN_API: config.php carregado com sucesso.
[31-Jan-2026 00:43:11 America/Sao_Paulo] ADMIN_API: Ação recebida: get_admin_dashboard_data
[31-Jan-2026 00:43:11 America/Sao_Paulo] ADMIN_API: Preparing JSON response for action: get_admin_dashboard_data
[31-Jan-2026 03:43:15 UTC] ADMIN_API: Script iniciado.
[31-Jan-2026 03:43:15 UTC] ADMIN_API: Exception.php carregado com sucesso.
[31-Jan-2026 03:43:15 UTC] ADMIN_API: PHPMailer.php carregado com sucesso.
[31-Jan-2026 03:43:15 UTC] ADMIN_API: SMTP.php carregado com sucesso.
[31-Jan-2026 00:43:15 America/Sao_Paulo] ADMIN_API: config.php carregado com sucesso.
[31-Jan-2026 00:43:15 America/Sao_Paulo] ADMIN_API: Ação recebida: get_system_settings
[31-Jan-2026 03:43:15 UTC] ADMIN_API: Script iniciado.
[31-Jan-2026 03:43:15 UTC] ADMIN_API: Exception.php carregado com sucesso.
[31-Jan-2026 03:43:15 UTC] ADMIN_API: PHPMailer.php carregado com sucesso.
[31-Jan-2026 03:43:15 UTC] ADMIN_API: SMTP.php carregado com sucesso.
[31-Jan-2026 00:43:15 America/Sao_Paulo] ADMIN_API: config.php carregado com sucesso.
[31-Jan-2026 00:43:15 America/Sao_Paulo] ADMIN_API: Ação recebida: get_license_info
[31-Jan-2026 03:43:17 UTC] ADMIN_API: Script iniciado.
[31-Jan-2026 03:43:17 UTC] ADMIN_API: Exception.php carregado com sucesso.
[31-Jan-2026 03:43:17 UTC] ADMIN_API: PHPMailer.php carregado com sucesso.
[31-Jan-2026 03:43:17 UTC] ADMIN_API: SMTP.php carregado com sucesso.
[31-Jan-2026 00:43:17 America/Sao_Paulo] ADMIN_API: config.php carregado com sucesso.
[31-Jan-2026 00:43:17 America/Sao_Paulo] ADMIN_API: Ação recebida: get_users
[31-Jan-2026 00:43:17 America/Sao_Paulo] ADMIN_API: Preparing JSON response for action: get_users with role: infoproducer
[31-Jan-2026 03:43:18 UTC] ADMIN_API: Script iniciado.
[31-Jan-2026 03:43:18 UTC] ADMIN_API: Exception.php carregado com sucesso.
[31-Jan-2026 03:43:18 UTC] ADMIN_API: PHPMailer.php carregado com sucesso.
[31-Jan-2026 03:43:18 UTC] ADMIN_API: SMTP.php carregado com sucesso.
[31-Jan-2026 00:43:18 America/Sao_Paulo] ADMIN_API: config.php carregado com sucesso.
[31-Jan-2026 00:43:18 America/Sao_Paulo] ADMIN_API: Ação recebida: get_users
[31-Jan-2026 00:43:18 America/Sao_Paulo] ADMIN_API: Preparing JSON response for action: get_users with role: client
[31-Jan-2026 03:43:19 UTC] ADMIN_API: Script iniciado.
[31-Jan-2026 03:43:19 UTC] ADMIN_API: Exception.php carregado com sucesso.
[31-Jan-2026 03:43:19 UTC] ADMIN_API: PHPMailer.php carregado com sucesso.
[31-Jan-2026 03:43:19 UTC] ADMIN_API: SMTP.php carregado com sucesso.
[31-Jan-2026 00:43:19 America/Sao_Paulo] ADMIN_API: config.php carregado com sucesso.
[31-Jan-2026 00:43:19 America/Sao_Paulo] ADMIN_API: Ação recebida: get_system_settings
[31-Jan-2026 03:43:19 UTC] ADMIN_API: Script iniciado.
[31-Jan-2026 03:43:19 UTC] ADMIN_API: Exception.php carregado com sucesso.
[31-Jan-2026 03:43:19 UTC] ADMIN_API: PHPMailer.php carregado com sucesso.
[31-Jan-2026 03:43:19 UTC] ADMIN_API: SMTP.php carregado com sucesso.
[31-Jan-2026 00:43:19 America/Sao_Paulo] ADMIN_API: config.php carregado com sucesso.
[31-Jan-2026 00:43:19 America/Sao_Paulo] ADMIN_API: Ação recebida: get_license_info
[31-Jan-2026 03:43:36 UTC] ADMIN_API: Script iniciado.
[31-Jan-2026 03:43:36 UTC] ADMIN_API: Exception.php carregado com sucesso.
[31-Jan-2026 03:43:36 UTC] ADMIN_API: PHPMailer.php carregado com sucesso.
[31-Jan-2026 03:43:36 UTC] ADMIN_API: SMTP.php carregado com sucesso.
[31-Jan-2026 00:43:36 America/Sao_Paulo] ADMIN_API: config.php carregado com sucesso.
[31-Jan-2026 00:43:36 America/Sao_Paulo] ADMIN_API: Ação recebida: upload_logo_checkout
[31-Jan-2026 03:54:14 UTC] ADMIN_API: Script iniciado.
[31-Jan-2026 03:54:14 UTC] ADMIN_API: Exception.php carregado com sucesso.
[31-Jan-2026 03:54:14 UTC] ADMIN_API: PHPMailer.php carregado com sucesso.
[31-Jan-2026 03:54:14 UTC] ADMIN_API: SMTP.php carregado com sucesso.
[31-Jan-2026 00:54:14 America/Sao_Paulo] ADMIN_API: config.php carregado com sucesso.
[31-Jan-2026 00:54:14 America/Sao_Paulo] ADMIN_API: Ação recebida: upload_security_seal
[31-Jan-2026 03:54:22 UTC] ADMIN_API: Script iniciado.
[31-Jan-2026 03:54:22 UTC] ADMIN_API: Exception.php carregado com sucesso.
[31-Jan-2026 03:54:22 UTC] ADMIN_API: PHPMailer.php carregado com sucesso.
[31-Jan-2026 03:54:22 UTC] ADMIN_API: SMTP.php carregado com sucesso.
[31-Jan-2026 00:54:22 America/Sao_Paulo] ADMIN_API: config.php carregado com sucesso.
[31-Jan-2026 00:54:22 America/Sao_Paulo] ADMIN_API: Ação recebida: get_admin_dashboard_data
[31-Jan-2026 00:54:22 America/Sao_Paulo] ADMIN_API: Preparing JSON response for action: get_admin_dashboard_data
[31-Jan-2026 14:05:39 UTC] ADMIN_API: Script iniciado.
[31-Jan-2026 14:05:39 UTC] ADMIN_API: Exception.php carregado com sucesso.
[31-Jan-2026 14:05:39 UTC] ADMIN_API: PHPMailer.php carregado com sucesso.
[31-Jan-2026 14:05:39 UTC] ADMIN_API: SMTP.php carregado com sucesso.
[31-Jan-2026 11:05:39 America/Sao_Paulo] ADMIN_API: config.php carregado com sucesso.
[31-Jan-2026 11:05:39 America/Sao_Paulo] ADMIN_API: Ação recebida: get_admin_dashboard_data
[31-Jan-2026 11:05:39 America/Sao_Paulo] ADMIN_API: Preparing JSON response for action: get_admin_dashboard_data
[31-Jan-2026 14:05:42 UTC] ADMIN_API: Script iniciado.
[31-Jan-2026 14:05:42 UTC] ADMIN_API: Exception.php carregado com sucesso.
[31-Jan-2026 14:05:42 UTC] ADMIN_API: PHPMailer.php carregado com sucesso.
[31-Jan-2026 14:05:42 UTC] ADMIN_API: SMTP.php carregado com sucesso.
[31-Jan-2026 11:05:42 America/Sao_Paulo] ADMIN_API: config.php carregado com sucesso.
[31-Jan-2026 11:05:42 America/Sao_Paulo] ADMIN_API: Ação recebida: get_system_settings
[31-Jan-2026 14:05:42 UTC] ADMIN_API: Script iniciado.
[31-Jan-2026 14:05:42 UTC] ADMIN_API: Exception.php carregado com sucesso.
[31-Jan-2026 14:05:42 UTC] ADMIN_API: PHPMailer.php carregado com sucesso.
[31-Jan-2026 14:05:42 UTC] ADMIN_API: SMTP.php carregado com sucesso.
[31-Jan-2026 11:05:42 America/Sao_Paulo] ADMIN_API: config.php carregado com sucesso.
[31-Jan-2026 11:05:42 America/Sao_Paulo] ADMIN_API: Ação recebida: get_license_info
[31-Jan-2026 14:05:49 UTC] ADMIN_API: Script iniciado.
[31-Jan-2026 14:05:49 UTC] ADMIN_API: Exception.php carregado com sucesso.
[31-Jan-2026 14:05:49 UTC] ADMIN_API: PHPMailer.php carregado com sucesso.
[31-Jan-2026 14:05:49 UTC] ADMIN_API: SMTP.php carregado com sucesso.
[31-Jan-2026 11:05:49 America/Sao_Paulo] ADMIN_API: config.php carregado com sucesso.
[31-Jan-2026 11:05:49 America/Sao_Paulo] ADMIN_API: Ação recebida: delete_security_seal
[31-Jan-2026 14:06:02 UTC] ADMIN_API: Script iniciado.
[31-Jan-2026 14:06:02 UTC] ADMIN_API: Exception.php carregado com sucesso.
[31-Jan-2026 14:06:02 UTC] ADMIN_API: PHPMailer.php carregado com sucesso.
[31-Jan-2026 14:06:02 UTC] ADMIN_API: SMTP.php carregado com sucesso.
[31-Jan-2026 11:06:02 America/Sao_Paulo] ADMIN_API: config.php carregado com sucesso.
[31-Jan-2026 11:06:02 America/Sao_Paulo] ADMIN_API: Ação recebida: upload_security_seal
[31-Jan-2026 14:06:08 UTC] ADMIN_API: Script iniciado.
[31-Jan-2026 14:06:08 UTC] ADMIN_API: Exception.php carregado com sucesso.
[31-Jan-2026 14:06:08 UTC] ADMIN_API: PHPMailer.php carregado com sucesso.
[31-Jan-2026 14:06:08 UTC] ADMIN_API: SMTP.php carregado com sucesso.
[31-Jan-2026 11:06:08 America/Sao_Paulo] ADMIN_API: config.php carregado com sucesso.
[31-Jan-2026 11:06:08 America/Sao_Paulo] ADMIN_API: Ação recebida: get_admin_dashboard_data
[31-Jan-2026 11:06:08 America/Sao_Paulo] ADMIN_API: Preparing JSON response for action: get_admin_dashboard_data
[31-Jan-2026 14:06:17 UTC] ADMIN_API: Script iniciado.
[31-Jan-2026 14:06:17 UTC] ADMIN_API: Exception.php carregado com sucesso.
[31-Jan-2026 14:06:17 UTC] ADMIN_API: PHPMailer.php carregado com sucesso.
[31-Jan-2026 14:06:17 UTC] ADMIN_API: SMTP.php carregado com sucesso.
[31-Jan-2026 11:06:17 America/Sao_Paulo] ADMIN_API: config.php carregado com sucesso.
[31-Jan-2026 11:06:17 America/Sao_Paulo] ADMIN_API: Ação recebida: get_admin_dashboard_data
[31-Jan-2026 11:06:17 America/Sao_Paulo] ADMIN_API: Preparing JSON response for action: get_admin_dashboard_data
[31-Jan-2026 14:10:37 UTC] ADMIN_API: Script iniciado.
[31-Jan-2026 14:10:37 UTC] ADMIN_API: Exception.php carregado com sucesso.
[31-Jan-2026 14:10:37 UTC] ADMIN_API: PHPMailer.php carregado com sucesso.
[31-Jan-2026 14:10:37 UTC] ADMIN_API: SMTP.php carregado com sucesso.
[31-Jan-2026 11:10:37 America/Sao_Paulo] ADMIN_API: config.php carregado com sucesso.
[31-Jan-2026 11:10:37 America/Sao_Paulo] ADMIN_API: Ação recebida: get_admin_dashboard_data
[31-Jan-2026 11:10:37 America/Sao_Paulo] ADMIN_API: Preparing JSON response for action: get_admin_dashboard_data
[31-Jan-2026 14:10:41 UTC] ADMIN_API: Script iniciado.
[31-Jan-2026 14:10:41 UTC] ADMIN_API: Exception.php carregado com sucesso.
[31-Jan-2026 14:10:41 UTC] ADMIN_API: PHPMailer.php carregado com sucesso.
[31-Jan-2026 14:10:41 UTC] ADMIN_API: SMTP.php carregado com sucesso.
[31-Jan-2026 11:10:41 America/Sao_Paulo] ADMIN_API: config.php carregado com sucesso.
[31-Jan-2026 11:10:41 America/Sao_Paulo] ADMIN_API: Ação recebida: get_system_settings
[31-Jan-2026 14:10:41 UTC] ADMIN_API: Script iniciado.
[31-Jan-2026 14:10:41 UTC] ADMIN_API: Exception.php carregado com sucesso.
[31-Jan-2026 14:10:41 UTC] ADMIN_API: PHPMailer.php carregado com sucesso.
[31-Jan-2026 14:10:41 UTC] ADMIN_API: SMTP.php carregado com sucesso.
[31-Jan-2026 11:10:41 America/Sao_Paulo] ADMIN_API: config.php carregado com sucesso.
[31-Jan-2026 11:10:41 America/Sao_Paulo] ADMIN_API: Ação recebida: get_license_info
[31-Jan-2026 14:10:46 UTC] ADMIN_API: Script iniciado.
[31-Jan-2026 14:10:46 UTC] ADMIN_API: Exception.php carregado com sucesso.
[31-Jan-2026 14:10:46 UTC] ADMIN_API: PHPMailer.php carregado com sucesso.
[31-Jan-2026 14:10:46 UTC] ADMIN_API: SMTP.php carregado com sucesso.
[31-Jan-2026 11:10:46 America/Sao_Paulo] ADMIN_API: config.php carregado com sucesso.
[31-Jan-2026 11:10:46 America/Sao_Paulo] ADMIN_API: Ação recebida: delete_security_seal
[31-Jan-2026 14:11:00 UTC] ADMIN_API: Script iniciado.
[31-Jan-2026 14:11:00 UTC] ADMIN_API: Exception.php carregado com sucesso.
[31-Jan-2026 14:11:00 UTC] ADMIN_API: PHPMailer.php carregado com sucesso.
[31-Jan-2026 14:11:00 UTC] ADMIN_API: SMTP.php carregado com sucesso.
[31-Jan-2026 11:11:00 America/Sao_Paulo] ADMIN_API: config.php carregado com sucesso.
[31-Jan-2026 11:11:00 America/Sao_Paulo] ADMIN_API: Ação recebida: upload_security_seal
[31-Jan-2026 14:12:38 UTC] ADMIN_API: Script iniciado.
[31-Jan-2026 14:12:38 UTC] ADMIN_API: Exception.php carregado com sucesso.
[31-Jan-2026 14:12:38 UTC] ADMIN_API: PHPMailer.php carregado com sucesso.
[31-Jan-2026 14:12:38 UTC] ADMIN_API: SMTP.php carregado com sucesso.
[31-Jan-2026 11:12:38 America/Sao_Paulo] ADMIN_API: config.php carregado com sucesso.
[31-Jan-2026 11:12:38 America/Sao_Paulo] ADMIN_API: Ação recebida: delete_security_seal
[31-Jan-2026 14:12:46 UTC] ADMIN_API: Script iniciado.
[31-Jan-2026 14:12:46 UTC] ADMIN_API: Exception.php carregado com sucesso.
[31-Jan-2026 14:12:46 UTC] ADMIN_API: PHPMailer.php carregado com sucesso.
[31-Jan-2026 14:12:46 UTC] ADMIN_API: SMTP.php carregado com sucesso.
[31-Jan-2026 11:12:46 America/Sao_Paulo] ADMIN_API: config.php carregado com sucesso.
[31-Jan-2026 11:12:46 America/Sao_Paulo] ADMIN_API: Ação recebida: upload_security_seal
[31-Jan-2026 14:13:30 UTC] ADMIN_API: Script iniciado.
[31-Jan-2026 14:13:30 UTC] ADMIN_API: Exception.php carregado com sucesso.
[31-Jan-2026 14:13:30 UTC] ADMIN_API: PHPMailer.php carregado com sucesso.
[31-Jan-2026 14:13:30 UTC] ADMIN_API: SMTP.php carregado com sucesso.
[31-Jan-2026 11:13:30 America/Sao_Paulo] ADMIN_API: config.php carregado com sucesso.
[31-Jan-2026 11:13:30 America/Sao_Paulo] ADMIN_API: Ação recebida: delete_security_seal
[31-Jan-2026 14:13:41 UTC] ADMIN_API: Script iniciado.
[31-Jan-2026 14:13:41 UTC] ADMIN_API: Exception.php carregado com sucesso.
[31-Jan-2026 14:13:41 UTC] ADMIN_API: PHPMailer.php carregado com sucesso.
[31-Jan-2026 14:13:41 UTC] ADMIN_API: SMTP.php carregado com sucesso.
[31-Jan-2026 11:13:41 America/Sao_Paulo] ADMIN_API: config.php carregado com sucesso.
[31-Jan-2026 11:13:41 America/Sao_Paulo] ADMIN_API: Ação recebida: upload_security_seal
[31-Jan-2026 14:16:33 UTC] ADMIN_API: Script iniciado.
[31-Jan-2026 14:16:33 UTC] ADMIN_API: Exception.php carregado com sucesso.
[31-Jan-2026 14:16:33 UTC] ADMIN_API: PHPMailer.php carregado com sucesso.
[31-Jan-2026 14:16:33 UTC] ADMIN_API: SMTP.php carregado com sucesso.
[31-Jan-2026 11:16:33 America/Sao_Paulo] ADMIN_API: config.php carregado com sucesso.
[31-Jan-2026 11:16:33 America/Sao_Paulo] ADMIN_API: Ação recebida: get_users
[31-Jan-2026 11:16:33 America/Sao_Paulo] ADMIN_API: Preparing JSON response for action: get_users with role: all
[01-Feb-2026 03:49:07 UTC] ADMIN_API: Script iniciado.
[01-Feb-2026 03:49:07 UTC] ADMIN_API: Exception.php carregado com sucesso.
[01-Feb-2026 03:49:07 UTC] ADMIN_API: PHPMailer.php carregado com sucesso.
[01-Feb-2026 03:49:07 UTC] ADMIN_API: SMTP.php carregado com sucesso.
[01-Feb-2026 00:49:07 America/Sao_Paulo] ADMIN_API: config.php carregado com sucesso.
[01-Feb-2026 00:49:07 America/Sao_Paulo] ADMIN_API: Ação recebida: get_admin_dashboard_data
[01-Feb-2026 00:49:07 America/Sao_Paulo] ADMIN_API: Preparing JSON response for action: get_admin_dashboard_data
[01-Feb-2026 03:49:17 UTC] ADMIN_API: Script iniciado.
[01-Feb-2026 03:49:17 UTC] ADMIN_API: Exception.php carregado com sucesso.
[01-Feb-2026 03:49:17 UTC] ADMIN_API: PHPMailer.php carregado com sucesso.
[01-Feb-2026 03:49:17 UTC] ADMIN_API: SMTP.php carregado com sucesso.
[01-Feb-2026 00:49:17 America/Sao_Paulo] ADMIN_API: config.php carregado com sucesso.
[01-Feb-2026 00:49:17 America/Sao_Paulo] ADMIN_API: Ação recebida: save_theme
[01-Feb-2026 03:49:18 UTC] ADMIN_API: Script iniciado.
[01-Feb-2026 03:49:18 UTC] ADMIN_API: Exception.php carregado com sucesso.
[01-Feb-2026 03:49:18 UTC] ADMIN_API: PHPMailer.php carregado com sucesso.
[01-Feb-2026 03:49:18 UTC] ADMIN_API: SMTP.php carregado com sucesso.
[01-Feb-2026 00:49:18 America/Sao_Paulo] ADMIN_API: config.php carregado com sucesso.
[01-Feb-2026 00:49:18 America/Sao_Paulo] ADMIN_API: Ação recebida: save_theme
[01-Feb-2026 03:49:19 UTC] ADMIN_API: Script iniciado.
[01-Feb-2026 03:49:19 UTC] ADMIN_API: Exception.php carregado com sucesso.
[01-Feb-2026 03:49:19 UTC] ADMIN_API: PHPMailer.php carregado com sucesso.
[01-Feb-2026 03:49:19 UTC] ADMIN_API: SMTP.php carregado com sucesso.
[01-Feb-2026 00:49:19 America/Sao_Paulo] ADMIN_API: config.php carregado com sucesso.
[01-Feb-2026 00:49:19 America/Sao_Paulo] ADMIN_API: Ação recebida: save_theme
[01-Feb-2026 03:49:23 UTC] ADMIN_API: Script iniciado.
[01-Feb-2026 03:49:23 UTC] ADMIN_API: Exception.php carregado com sucesso.
[01-Feb-2026 03:49:23 UTC] ADMIN_API: PHPMailer.php carregado com sucesso.
[01-Feb-2026 03:49:23 UTC] ADMIN_API: SMTP.php carregado com sucesso.
[01-Feb-2026 00:49:23 America/Sao_Paulo] ADMIN_API: config.php carregado com sucesso.
[01-Feb-2026 00:49:23 America/Sao_Paulo] ADMIN_API: Ação recebida: get_admin_dashboard_data
[01-Feb-2026 00:49:23 America/Sao_Paulo] ADMIN_API: Preparing JSON response for action: get_admin_dashboard_data
[01-Feb-2026 03:57:05 UTC] ADMIN_API: Script iniciado.
[01-Feb-2026 03:57:05 UTC] ADMIN_API: Exception.php carregado com sucesso.
[01-Feb-2026 03:57:05 UTC] ADMIN_API: PHPMailer.php carregado com sucesso.
[01-Feb-2026 03:57:05 UTC] ADMIN_API: SMTP.php carregado com sucesso.
[01-Feb-2026 00:57:05 America/Sao_Paulo] ADMIN_API: config.php carregado com sucesso.
[01-Feb-2026 00:57:05 America/Sao_Paulo] ADMIN_API: Ação recebida: get_admin_dashboard_data
[01-Feb-2026 00:57:05 America/Sao_Paulo] ADMIN_API: Preparing JSON response for action: get_admin_dashboard_data
[01-Feb-2026 03:57:54 UTC] ADMIN_API: Script iniciado.
[01-Feb-2026 03:57:54 UTC] ADMIN_API: Exception.php carregado com sucesso.
[01-Feb-2026 03:57:54 UTC] ADMIN_API: PHPMailer.php carregado com sucesso.
[01-Feb-2026 03:57:54 UTC] ADMIN_API: SMTP.php carregado com sucesso.
[01-Feb-2026 00:57:54 America/Sao_Paulo] ADMIN_API: config.php carregado com sucesso.
[01-Feb-2026 00:57:54 America/Sao_Paulo] ADMIN_API: Ação recebida: upload_login_image
[01-Feb-2026 03:57:56 UTC] ADMIN_API: Script iniciado.
[01-Feb-2026 03:57:56 UTC] ADMIN_API: Exception.php carregado com sucesso.
[01-Feb-2026 03:57:56 UTC] ADMIN_API: PHPMailer.php carregado com sucesso.
[01-Feb-2026 03:57:56 UTC] ADMIN_API: SMTP.php carregado com sucesso.
[01-Feb-2026 00:57:56 America/Sao_Paulo] ADMIN_API: config.php carregado com sucesso.
[01-Feb-2026 00:57:56 America/Sao_Paulo] ADMIN_API: Ação recebida: save_theme
[01-Feb-2026 03:57:59 UTC] ADMIN_API: Script iniciado.
[01-Feb-2026 03:57:59 UTC] ADMIN_API: Exception.php carregado com sucesso.
[01-Feb-2026 03:57:59 UTC] ADMIN_API: PHPMailer.php carregado com sucesso.
[01-Feb-2026 03:57:59 UTC] ADMIN_API: SMTP.php carregado com sucesso.
[01-Feb-2026 00:57:59 America/Sao_Paulo] ADMIN_API: config.php carregado com sucesso.
[01-Feb-2026 00:57:59 America/Sao_Paulo] ADMIN_API: Ação recebida: save_theme
[01-Feb-2026 03:58:27 UTC] ADMIN_API: Script iniciado.
[01-Feb-2026 03:58:27 UTC] ADMIN_API: Exception.php carregado com sucesso.
[01-Feb-2026 03:58:27 UTC] ADMIN_API: PHPMailer.php carregado com sucesso.
[01-Feb-2026 03:58:27 UTC] ADMIN_API: SMTP.php carregado com sucesso.
[01-Feb-2026 00:58:27 America/Sao_Paulo] ADMIN_API: config.php carregado com sucesso.
[01-Feb-2026 00:58:27 America/Sao_Paulo] ADMIN_API: Ação recebida: get_admin_dashboard_data
[01-Feb-2026 00:58:27 America/Sao_Paulo] ADMIN_API: Preparing JSON response for action: get_admin_dashboard_data
[01-Feb-2026 03:59:06 UTC] ADMIN_API: Script iniciado.
[01-Feb-2026 03:59:06 UTC] ADMIN_API: Exception.php carregado com sucesso.
[01-Feb-2026 03:59:06 UTC] ADMIN_API: PHPMailer.php carregado com sucesso.
[01-Feb-2026 03:59:06 UTC] ADMIN_API: SMTP.php carregado com sucesso.
[01-Feb-2026 00:59:06 America/Sao_Paulo] ADMIN_API: config.php carregado com sucesso.
[01-Feb-2026 00:59:06 America/Sao_Paulo] ADMIN_API: Ação recebida: save_theme
[01-Feb-2026 04:04:09 UTC] ADMIN_API: Script iniciado.
[01-Feb-2026 04:04:09 UTC] ADMIN_API: Exception.php carregado com sucesso.
[01-Feb-2026 04:04:09 UTC] ADMIN_API: PHPMailer.php carregado com sucesso.
[01-Feb-2026 04:04:09 UTC] ADMIN_API: SMTP.php carregado com sucesso.
[01-Feb-2026 01:04:09 America/Sao_Paulo] ADMIN_API: config.php carregado com sucesso.
[01-Feb-2026 01:04:09 America/Sao_Paulo] ADMIN_API: Ação recebida: get_admin_dashboard_data
[01-Feb-2026 01:04:09 America/Sao_Paulo] ADMIN_API: Preparing JSON response for action: get_admin_dashboard_data
[01-Feb-2026 04:04:28 UTC] ADMIN_API: Script iniciado.
[01-Feb-2026 04:04:28 UTC] ADMIN_API: Exception.php carregado com sucesso.
[01-Feb-2026 04:04:28 UTC] ADMIN_API: PHPMailer.php carregado com sucesso.
[01-Feb-2026 04:04:28 UTC] ADMIN_API: SMTP.php carregado com sucesso.
[01-Feb-2026 01:04:28 America/Sao_Paulo] ADMIN_API: config.php carregado com sucesso.
[01-Feb-2026 01:04:28 America/Sao_Paulo] ADMIN_API: Ação recebida: save_theme
[01-Feb-2026 04:04:54 UTC] ADMIN_API: Script iniciado.
[01-Feb-2026 04:04:54 UTC] ADMIN_API: Exception.php carregado com sucesso.
[01-Feb-2026 04:04:54 UTC] ADMIN_API: PHPMailer.php carregado com sucesso.
[01-Feb-2026 04:04:54 UTC] ADMIN_API: SMTP.php carregado com sucesso.
[01-Feb-2026 01:04:54 America/Sao_Paulo] ADMIN_API: config.php carregado com sucesso.
[01-Feb-2026 01:04:54 America/Sao_Paulo] ADMIN_API: Ação recebida: get_admin_dashboard_data
[01-Feb-2026 01:04:54 America/Sao_Paulo] ADMIN_API: Preparing JSON response for action: get_admin_dashboard_data
[01-Feb-2026 04:05:16 UTC] ADMIN_API: Script iniciado.
[01-Feb-2026 04:05:16 UTC] ADMIN_API: Exception.php carregado com sucesso.
[01-Feb-2026 04:05:16 UTC] ADMIN_API: PHPMailer.php carregado com sucesso.
[01-Feb-2026 04:05:16 UTC] ADMIN_API: SMTP.php carregado com sucesso.
[01-Feb-2026 01:05:16 America/Sao_Paulo] ADMIN_API: config.php carregado com sucesso.
[01-Feb-2026 01:05:16 America/Sao_Paulo] ADMIN_API: Ação recebida: save_theme
[01-Feb-2026 11:39:45 UTC] ADMIN_API: Script iniciado.
[01-Feb-2026 11:39:45 UTC] ADMIN_API: Exception.php carregado com sucesso.
[01-Feb-2026 11:39:45 UTC] ADMIN_API: PHPMailer.php carregado com sucesso.
[01-Feb-2026 11:39:45 UTC] ADMIN_API: SMTP.php carregado com sucesso.
[01-Feb-2026 08:39:45 America/Sao_Paulo] ADMIN_API: config.php carregado com sucesso.
[01-Feb-2026 08:39:45 America/Sao_Paulo] ADMIN_API: Ação recebida: get_admin_dashboard_data
[01-Feb-2026 08:39:45 America/Sao_Paulo] ADMIN_API: Preparing JSON response for action: get_admin_dashboard_data
[01-Feb-2026 11:41:30 UTC] ADMIN_API: Script iniciado.
[01-Feb-2026 11:41:30 UTC] ADMIN_API: Exception.php carregado com sucesso.
[01-Feb-2026 11:41:30 UTC] ADMIN_API: PHPMailer.php carregado com sucesso.
[01-Feb-2026 11:41:30 UTC] ADMIN_API: SMTP.php carregado com sucesso.
[01-Feb-2026 08:41:30 America/Sao_Paulo] ADMIN_API: config.php carregado com sucesso.
[01-Feb-2026 08:41:30 America/Sao_Paulo] ADMIN_API: Ação recebida: upload_login_image
[01-Feb-2026 11:41:51 UTC] ADMIN_API: Script iniciado.
[01-Feb-2026 11:41:51 UTC] ADMIN_API: Exception.php carregado com sucesso.
[01-Feb-2026 11:41:51 UTC] ADMIN_API: PHPMailer.php carregado com sucesso.
[01-Feb-2026 11:41:51 UTC] ADMIN_API: SMTP.php carregado com sucesso.
[01-Feb-2026 08:41:51 America/Sao_Paulo] ADMIN_API: config.php carregado com sucesso.
[01-Feb-2026 08:41:51 America/Sao_Paulo] ADMIN_API: Ação recebida: upload_login_image
[01-Feb-2026 11:42:21 UTC] ADMIN_API: Script iniciado.
[01-Feb-2026 11:42:21 UTC] ADMIN_API: Exception.php carregado com sucesso.
[01-Feb-2026 11:42:21 UTC] ADMIN_API: PHPMailer.php carregado com sucesso.
[01-Feb-2026 11:42:21 UTC] ADMIN_API: SMTP.php carregado com sucesso.
[01-Feb-2026 08:42:21 America/Sao_Paulo] ADMIN_API: config.php carregado com sucesso.
[01-Feb-2026 08:42:21 America/Sao_Paulo] ADMIN_API: Ação recebida: upload_login_image
[01-Feb-2026 11:42:23 UTC] ADMIN_API: Script iniciado.
[01-Feb-2026 11:42:23 UTC] ADMIN_API: Exception.php carregado com sucesso.
[01-Feb-2026 11:42:23 UTC] ADMIN_API: PHPMailer.php carregado com sucesso.
[01-Feb-2026 11:42:23 UTC] ADMIN_API: SMTP.php carregado com sucesso.
[01-Feb-2026 08:42:23 America/Sao_Paulo] ADMIN_API: config.php carregado com sucesso.
[01-Feb-2026 08:42:23 America/Sao_Paulo] ADMIN_API: Ação recebida: save_theme
[01-Feb-2026 11:42:56 UTC] ADMIN_API: Script iniciado.
[01-Feb-2026 11:42:56 UTC] ADMIN_API: Exception.php carregado com sucesso.
[01-Feb-2026 11:42:56 UTC] ADMIN_API: PHPMailer.php carregado com sucesso.
[01-Feb-2026 11:42:56 UTC] ADMIN_API: SMTP.php carregado com sucesso.
[01-Feb-2026 08:42:56 America/Sao_Paulo] ADMIN_API: config.php carregado com sucesso.
[01-Feb-2026 08:42:56 America/Sao_Paulo] ADMIN_API: Ação recebida: get_admin_dashboard_data
[01-Feb-2026 08:42:56 America/Sao_Paulo] ADMIN_API: Preparing JSON response for action: get_admin_dashboard_data
[01-Feb-2026 11:43:19 UTC] ADMIN_API: Script iniciado.
[01-Feb-2026 11:43:19 UTC] ADMIN_API: Exception.php carregado com sucesso.
[01-Feb-2026 11:43:19 UTC] ADMIN_API: PHPMailer.php carregado com sucesso.
[01-Feb-2026 11:43:19 UTC] ADMIN_API: SMTP.php carregado com sucesso.
[01-Feb-2026 08:43:19 America/Sao_Paulo] ADMIN_API: config.php carregado com sucesso.
[01-Feb-2026 08:43:19 America/Sao_Paulo] ADMIN_API: Ação recebida: save_theme
[01-Feb-2026 11:43:27 UTC] ADMIN_API: Script iniciado.
[01-Feb-2026 11:43:27 UTC] ADMIN_API: Exception.php carregado com sucesso.
[01-Feb-2026 11:43:27 UTC] ADMIN_API: PHPMailer.php carregado com sucesso.
[01-Feb-2026 11:43:27 UTC] ADMIN_API: SMTP.php carregado com sucesso.
[01-Feb-2026 08:43:27 America/Sao_Paulo] ADMIN_API: config.php carregado com sucesso.
[01-Feb-2026 08:43:27 America/Sao_Paulo] ADMIN_API: Ação recebida: get_admin_dashboard_data
[01-Feb-2026 08:43:27 America/Sao_Paulo] ADMIN_API: Preparing JSON response for action: get_admin_dashboard_data
[01-Feb-2026 11:44:02 UTC] ADMIN_API: Script iniciado.
[01-Feb-2026 11:44:02 UTC] ADMIN_API: Exception.php carregado com sucesso.
[01-Feb-2026 11:44:02 UTC] ADMIN_API: PHPMailer.php carregado com sucesso.
[01-Feb-2026 11:44:02 UTC] ADMIN_API: SMTP.php carregado com sucesso.
[01-Feb-2026 08:44:02 America/Sao_Paulo] ADMIN_API: config.php carregado com sucesso.
[01-Feb-2026 08:44:02 America/Sao_Paulo] ADMIN_API: Ação recebida: get_admin_dashboard_data
[01-Feb-2026 08:44:02 America/Sao_Paulo] ADMIN_API: Preparing JSON response for action: get_admin_dashboard_data
[01-Feb-2026 11:44:25 UTC] ADMIN_API: Script iniciado.
[01-Feb-2026 11:44:25 UTC] ADMIN_API: Exception.php carregado com sucesso.
[01-Feb-2026 11:44:25 UTC] ADMIN_API: PHPMailer.php carregado com sucesso.
[01-Feb-2026 11:44:25 UTC] ADMIN_API: SMTP.php carregado com sucesso.
[01-Feb-2026 08:44:25 America/Sao_Paulo] ADMIN_API: config.php carregado com sucesso.
[01-Feb-2026 08:44:25 America/Sao_Paulo] ADMIN_API: Ação recebida: upload_login_image
[01-Feb-2026 11:44:28 UTC] ADMIN_API: Script iniciado.
[01-Feb-2026 11:44:28 UTC] ADMIN_API: Exception.php carregado com sucesso.
[01-Feb-2026 11:44:28 UTC] ADMIN_API: PHPMailer.php carregado com sucesso.
[01-Feb-2026 11:44:28 UTC] ADMIN_API: SMTP.php carregado com sucesso.
[01-Feb-2026 08:44:28 America/Sao_Paulo] ADMIN_API: config.php carregado com sucesso.
[01-Feb-2026 08:44:28 America/Sao_Paulo] ADMIN_API: Ação recebida: save_theme
[01-Feb-2026 11:44:42 UTC] ADMIN_API: Script iniciado.
[01-Feb-2026 11:44:42 UTC] ADMIN_API: Exception.php carregado com sucesso.
[01-Feb-2026 11:44:42 UTC] ADMIN_API: PHPMailer.php carregado com sucesso.
[01-Feb-2026 11:44:42 UTC] ADMIN_API: SMTP.php carregado com sucesso.
[01-Feb-2026 08:44:42 America/Sao_Paulo] ADMIN_API: config.php carregado com sucesso.
[01-Feb-2026 08:44:42 America/Sao_Paulo] ADMIN_API: Ação recebida: get_admin_dashboard_data
[01-Feb-2026 08:44:42 America/Sao_Paulo] ADMIN_API: Preparing JSON response for action: get_admin_dashboard_data
[01-Feb-2026 11:44:59 UTC] ADMIN_API: Script iniciado.
[01-Feb-2026 11:44:59 UTC] ADMIN_API: Exception.php carregado com sucesso.
[01-Feb-2026 11:44:59 UTC] ADMIN_API: PHPMailer.php carregado com sucesso.
[01-Feb-2026 11:44:59 UTC] ADMIN_API: SMTP.php carregado com sucesso.
[01-Feb-2026 08:44:59 America/Sao_Paulo] ADMIN_API: config.php carregado com sucesso.
[01-Feb-2026 08:44:59 America/Sao_Paulo] ADMIN_API: Ação recebida: upload_login_image
[01-Feb-2026 11:45:02 UTC] ADMIN_API: Script iniciado.
[01-Feb-2026 11:45:02 UTC] ADMIN_API: Exception.php carregado com sucesso.
[01-Feb-2026 11:45:02 UTC] ADMIN_API: PHPMailer.php carregado com sucesso.
[01-Feb-2026 11:45:02 UTC] ADMIN_API: SMTP.php carregado com sucesso.
[01-Feb-2026 08:45:02 America/Sao_Paulo] ADMIN_API: config.php carregado com sucesso.
[01-Feb-2026 08:45:02 America/Sao_Paulo] ADMIN_API: Ação recebida: save_theme
[01-Feb-2026 11:45:20 UTC] ADMIN_API: Script iniciado.
[01-Feb-2026 11:45:20 UTC] ADMIN_API: Exception.php carregado com sucesso.
[01-Feb-2026 11:45:20 UTC] ADMIN_API: PHPMailer.php carregado com sucesso.
[01-Feb-2026 11:45:20 UTC] ADMIN_API: SMTP.php carregado com sucesso.
[01-Feb-2026 08:45:20 America/Sao_Paulo] ADMIN_API: config.php carregado com sucesso.
[01-Feb-2026 08:45:20 America/Sao_Paulo] ADMIN_API: Ação recebida: save_theme
[01-Feb-2026 11:45:45 UTC] ADMIN_API: Script iniciado.
[01-Feb-2026 11:45:45 UTC] ADMIN_API: Exception.php carregado com sucesso.
[01-Feb-2026 11:45:45 UTC] ADMIN_API: PHPMailer.php carregado com sucesso.
[01-Feb-2026 11:45:45 UTC] ADMIN_API: SMTP.php carregado com sucesso.
[01-Feb-2026 08:45:45 America/Sao_Paulo] ADMIN_API: config.php carregado com sucesso.
[01-Feb-2026 08:45:45 America/Sao_Paulo] ADMIN_API: Ação recebida: get_admin_dashboard_data
[01-Feb-2026 08:45:45 America/Sao_Paulo] ADMIN_API: Preparing JSON response for action: get_admin_dashboard_data
[01-Feb-2026 11:45:57 UTC] ADMIN_API: Script iniciado.
[01-Feb-2026 11:45:57 UTC] ADMIN_API: Exception.php carregado com sucesso.
[01-Feb-2026 11:45:57 UTC] ADMIN_API: PHPMailer.php carregado com sucesso.
[01-Feb-2026 11:45:57 UTC] ADMIN_API: SMTP.php carregado com sucesso.
[01-Feb-2026 08:45:57 America/Sao_Paulo] ADMIN_API: config.php carregado com sucesso.
[01-Feb-2026 08:45:57 America/Sao_Paulo] ADMIN_API: Ação recebida: get_system_settings
[01-Feb-2026 11:46:20 UTC] ADMIN_API: Script iniciado.
[01-Feb-2026 11:46:20 UTC] ADMIN_API: Exception.php carregado com sucesso.
[01-Feb-2026 11:46:20 UTC] ADMIN_API: PHPMailer.php carregado com sucesso.
[01-Feb-2026 11:46:20 UTC] ADMIN_API: SMTP.php carregado com sucesso.
[01-Feb-2026 08:46:20 America/Sao_Paulo] ADMIN_API: config.php carregado com sucesso.
[01-Feb-2026 08:46:20 America/Sao_Paulo] ADMIN_API: Ação recebida: save_theme
[01-Feb-2026 11:46:25 UTC] ADMIN_API: Script iniciado.
[01-Feb-2026 11:46:25 UTC] ADMIN_API: Exception.php carregado com sucesso.
[01-Feb-2026 11:46:25 UTC] ADMIN_API: PHPMailer.php carregado com sucesso.
[01-Feb-2026 11:46:25 UTC] ADMIN_API: SMTP.php carregado com sucesso.
[01-Feb-2026 08:46:25 America/Sao_Paulo] ADMIN_API: config.php carregado com sucesso.
[01-Feb-2026 08:46:25 America/Sao_Paulo] ADMIN_API: Ação recebida: get_system_settings
[01-Feb-2026 11:47:34 UTC] ADMIN_API: Script iniciado.
[01-Feb-2026 11:47:34 UTC] ADMIN_API: Exception.php carregado com sucesso.
[01-Feb-2026 11:47:34 UTC] ADMIN_API: PHPMailer.php carregado com sucesso.
[01-Feb-2026 11:47:34 UTC] ADMIN_API: SMTP.php carregado com sucesso.
[01-Feb-2026 08:47:34 America/Sao_Paulo] ADMIN_API: config.php carregado com sucesso.
[01-Feb-2026 08:47:34 America/Sao_Paulo] ADMIN_API: Ação recebida: get_admin_dashboard_data
[01-Feb-2026 08:47:34 America/Sao_Paulo] ADMIN_API: Preparing JSON response for action: get_admin_dashboard_data
[01-Feb-2026 11:47:40 UTC] ADMIN_API: Script iniciado.
[01-Feb-2026 11:47:40 UTC] ADMIN_API: Exception.php carregado com sucesso.
[01-Feb-2026 11:47:40 UTC] ADMIN_API: PHPMailer.php carregado com sucesso.
[01-Feb-2026 11:47:40 UTC] ADMIN_API: SMTP.php carregado com sucesso.
[01-Feb-2026 08:47:40 America/Sao_Paulo] ADMIN_API: config.php carregado com sucesso.
[01-Feb-2026 08:47:40 America/Sao_Paulo] ADMIN_API: Ação recebida: get_system_settings
[01-Feb-2026 11:47:57 UTC] ADMIN_API: Script iniciado.
[01-Feb-2026 11:47:57 UTC] ADMIN_API: Exception.php carregado com sucesso.
[01-Feb-2026 11:47:57 UTC] ADMIN_API: PHPMailer.php carregado com sucesso.
[01-Feb-2026 11:47:57 UTC] ADMIN_API: SMTP.php carregado com sucesso.
[01-Feb-2026 08:47:57 America/Sao_Paulo] ADMIN_API: config.php carregado com sucesso.
[01-Feb-2026 08:47:57 America/Sao_Paulo] ADMIN_API: Ação recebida: save_theme
[01-Feb-2026 11:48:00 UTC] ADMIN_API: Script iniciado.
[01-Feb-2026 11:48:00 UTC] ADMIN_API: Exception.php carregado com sucesso.
[01-Feb-2026 11:48:00 UTC] ADMIN_API: PHPMailer.php carregado com sucesso.
[01-Feb-2026 11:48:00 UTC] ADMIN_API: SMTP.php carregado com sucesso.
[01-Feb-2026 08:48:00 America/Sao_Paulo] ADMIN_API: config.php carregado com sucesso.
[01-Feb-2026 08:48:00 America/Sao_Paulo] ADMIN_API: Ação recebida: save_theme
[01-Feb-2026 11:48:11 UTC] ADMIN_API: Script iniciado.
[01-Feb-2026 11:48:11 UTC] ADMIN_API: Exception.php carregado com sucesso.
[01-Feb-2026 11:48:11 UTC] ADMIN_API: PHPMailer.php carregado com sucesso.
[01-Feb-2026 11:48:11 UTC] ADMIN_API: SMTP.php carregado com sucesso.
[01-Feb-2026 08:48:11 America/Sao_Paulo] ADMIN_API: config.php carregado com sucesso.
[01-Feb-2026 08:48:11 America/Sao_Paulo] ADMIN_API: Ação recebida: get_admin_dashboard_data
[01-Feb-2026 08:48:12 America/Sao_Paulo] ADMIN_API: Preparing JSON response for action: get_admin_dashboard_data
[01-Feb-2026 11:48:35 UTC] ADMIN_API: Script iniciado.
[01-Feb-2026 11:48:35 UTC] ADMIN_API: Exception.php carregado com sucesso.
[01-Feb-2026 11:48:35 UTC] ADMIN_API: PHPMailer.php carregado com sucesso.
[01-Feb-2026 11:48:35 UTC] ADMIN_API: SMTP.php carregado com sucesso.
[01-Feb-2026 08:48:35 America/Sao_Paulo] ADMIN_API: config.php carregado com sucesso.
[01-Feb-2026 08:48:35 America/Sao_Paulo] ADMIN_API: Ação recebida: save_theme
[01-Feb-2026 11:50:27 UTC] ADMIN_API: Script iniciado.
[01-Feb-2026 11:50:27 UTC] ADMIN_API: Exception.php carregado com sucesso.
[01-Feb-2026 11:50:27 UTC] ADMIN_API: PHPMailer.php carregado com sucesso.
[01-Feb-2026 11:50:27 UTC] ADMIN_API: SMTP.php carregado com sucesso.
[01-Feb-2026 08:50:27 America/Sao_Paulo] ADMIN_API: config.php carregado com sucesso.
[01-Feb-2026 08:50:27 America/Sao_Paulo] ADMIN_API: Ação recebida: get_admin_dashboard_data
[01-Feb-2026 08:50:27 America/Sao_Paulo] ADMIN_API: Preparing JSON response for action: get_admin_dashboard_data
[01-Feb-2026 11:50:49 UTC] ADMIN_API: Script iniciado.
[01-Feb-2026 11:50:49 UTC] ADMIN_API: Exception.php carregado com sucesso.
[01-Feb-2026 11:50:49 UTC] ADMIN_API: PHPMailer.php carregado com sucesso.
[01-Feb-2026 11:50:49 UTC] ADMIN_API: SMTP.php carregado com sucesso.
[01-Feb-2026 08:50:49 America/Sao_Paulo] ADMIN_API: config.php carregado com sucesso.
[01-Feb-2026 08:50:49 America/Sao_Paulo] ADMIN_API: Ação recebida: get_admin_dashboard_data
[01-Feb-2026 08:50:49 America/Sao_Paulo] ADMIN_API: Preparing JSON response for action: get_admin_dashboard_data
[01-Feb-2026 15:08:15 UTC] ADMIN_API: Script iniciado.
[01-Feb-2026 15:08:15 UTC] ADMIN_API: Exception.php carregado com sucesso.
[01-Feb-2026 15:08:15 UTC] ADMIN_API: PHPMailer.php carregado com sucesso.
[01-Feb-2026 15:08:15 UTC] ADMIN_API: SMTP.php carregado com sucesso.
[01-Feb-2026 12:08:15 America/Sao_Paulo] ADMIN_API: config.php carregado com sucesso.
[01-Feb-2026 12:08:15 America/Sao_Paulo] ADMIN_API: Ação recebida: get_admin_dashboard_data
[01-Feb-2026 12:08:15 America/Sao_Paulo] ADMIN_API: Preparing JSON response for action: get_admin_dashboard_data
[01-Feb-2026 15:08:59 UTC] ADMIN_API: Script iniciado.
[01-Feb-2026 15:08:59 UTC] ADMIN_API: Exception.php carregado com sucesso.
[01-Feb-2026 15:08:59 UTC] ADMIN_API: PHPMailer.php carregado com sucesso.
[01-Feb-2026 15:08:59 UTC] ADMIN_API: SMTP.php carregado com sucesso.
[01-Feb-2026 12:08:59 America/Sao_Paulo] ADMIN_API: config.php carregado com sucesso.
[01-Feb-2026 12:08:59 America/Sao_Paulo] ADMIN_API: Ação recebida: save_theme
[01-Feb-2026 15:11:00 UTC] ADMIN_API: Script iniciado.
[01-Feb-2026 15:11:00 UTC] ADMIN_API: Exception.php carregado com sucesso.
[01-Feb-2026 15:11:00 UTC] ADMIN_API: PHPMailer.php carregado com sucesso.
[01-Feb-2026 15:11:00 UTC] ADMIN_API: SMTP.php carregado com sucesso.
[01-Feb-2026 12:11:00 America/Sao_Paulo] ADMIN_API: config.php carregado com sucesso.
[01-Feb-2026 12:11:00 America/Sao_Paulo] ADMIN_API: Ação recebida: get_admin_dashboard_data
[01-Feb-2026 12:11:00 America/Sao_Paulo] ADMIN_API: Preparing JSON response for action: get_admin_dashboard_data
[01-Feb-2026 15:12:03 UTC] ADMIN_API: Script iniciado.
[01-Feb-2026 15:12:03 UTC] ADMIN_API: Exception.php carregado com sucesso.
[01-Feb-2026 15:12:03 UTC] ADMIN_API: PHPMailer.php carregado com sucesso.
[01-Feb-2026 15:12:03 UTC] ADMIN_API: SMTP.php carregado com sucesso.
[01-Feb-2026 12:12:03 America/Sao_Paulo] ADMIN_API: config.php carregado com sucesso.
[01-Feb-2026 12:12:03 America/Sao_Paulo] ADMIN_API: Ação recebida: save_theme
[01-Feb-2026 19:20:21 UTC] ADMIN_API: Script iniciado.
[01-Feb-2026 19:20:21 UTC] ADMIN_API: Exception.php carregado com sucesso.
[01-Feb-2026 19:20:21 UTC] ADMIN_API: PHPMailer.php carregado com sucesso.
[01-Feb-2026 19:20:21 UTC] ADMIN_API: SMTP.php carregado com sucesso.
[01-Feb-2026 16:20:21 America/Sao_Paulo] ADMIN_API: config.php carregado com sucesso.
[01-Feb-2026 16:20:21 America/Sao_Paulo] ADMIN_API: Ação recebida: get_admin_dashboard_data
[01-Feb-2026 16:20:21 America/Sao_Paulo] ADMIN_API: Preparing JSON response for action: get_admin_dashboard_data
[01-Feb-2026 19:20:35 UTC] ADMIN_API: Script iniciado.
[01-Feb-2026 19:20:35 UTC] ADMIN_API: Exception.php carregado com sucesso.
[01-Feb-2026 19:20:35 UTC] ADMIN_API: PHPMailer.php carregado com sucesso.
[01-Feb-2026 19:20:35 UTC] ADMIN_API: SMTP.php carregado com sucesso.
[01-Feb-2026 16:20:35 America/Sao_Paulo] ADMIN_API: config.php carregado com sucesso.
[01-Feb-2026 16:20:35 America/Sao_Paulo] ADMIN_API: Ação recebida: get_email_settings
[01-Feb-2026 16:20:35 America/Sao_Paulo] ADMIN_API: Recebida ação get_email_settings.
[01-Feb-2026 19:20:37 UTC] ADMIN_API: Script iniciado.
[01-Feb-2026 19:20:37 UTC] ADMIN_API: Exception.php carregado com sucesso.
[01-Feb-2026 19:20:37 UTC] ADMIN_API: PHPMailer.php carregado com sucesso.
[01-Feb-2026 19:20:37 UTC] ADMIN_API: SMTP.php carregado com sucesso.
[01-Feb-2026 16:20:37 America/Sao_Paulo] ADMIN_API: config.php carregado com sucesso.
[01-Feb-2026 16:20:37 America/Sao_Paulo] ADMIN_API: Ação recebida: get_admin_dashboard_data
[01-Feb-2026 16:20:37 America/Sao_Paulo] ADMIN_API: Preparing JSON response for action: get_admin_dashboard_data
[01-Feb-2026 19:20:45 UTC] ADMIN_API: Script iniciado.
[01-Feb-2026 19:20:45 UTC] ADMIN_API: Exception.php carregado com sucesso.
[01-Feb-2026 19:20:45 UTC] ADMIN_API: PHPMailer.php carregado com sucesso.
[01-Feb-2026 19:20:45 UTC] ADMIN_API: SMTP.php carregado com sucesso.
[01-Feb-2026 16:20:45 America/Sao_Paulo] ADMIN_API: config.php carregado com sucesso.
[01-Feb-2026 16:20:45 America/Sao_Paulo] ADMIN_API: Ação recebida: get_system_settings
[01-Feb-2026 19:21:17 UTC] ADMIN_API: Script iniciado.
[01-Feb-2026 19:21:17 UTC] ADMIN_API: Exception.php carregado com sucesso.
[01-Feb-2026 19:21:17 UTC] ADMIN_API: PHPMailer.php carregado com sucesso.
[01-Feb-2026 19:21:17 UTC] ADMIN_API: SMTP.php carregado com sucesso.
[01-Feb-2026 16:21:17 America/Sao_Paulo] ADMIN_API: config.php carregado com sucesso.
[01-Feb-2026 16:21:17 America/Sao_Paulo] ADMIN_API: Ação recebida: get_admin_dashboard_data
[01-Feb-2026 16:21:17 America/Sao_Paulo] ADMIN_API: Preparing JSON response for action: get_admin_dashboard_data
[01-Feb-2026 21:26:52 UTC] ADMIN_API: Script iniciado.
[01-Feb-2026 21:26:52 UTC] ADMIN_API: Exception.php carregado com sucesso.
[01-Feb-2026 21:26:52 UTC] ADMIN_API: PHPMailer.php carregado com sucesso.
[01-Feb-2026 21:26:52 UTC] ADMIN_API: SMTP.php carregado com sucesso.
[01-Feb-2026 18:26:52 America/Sao_Paulo] ADMIN_API: config.php carregado com sucesso.
[01-Feb-2026 18:26:52 America/Sao_Paulo] ADMIN_API: Ação recebida: get_admin_dashboard_data
[01-Feb-2026 18:26:52 America/Sao_Paulo] ADMIN_API: Preparing JSON response for action: get_admin_dashboard_data
[01-Feb-2026 21:27:07 UTC] ADMIN_API: Script iniciado.
[01-Feb-2026 21:27:07 UTC] ADMIN_API: Exception.php carregado com sucesso.
[01-Feb-2026 21:27:07 UTC] ADMIN_API: PHPMailer.php carregado com sucesso.
[01-Feb-2026 21:27:07 UTC] ADMIN_API: SMTP.php carregado com sucesso.
[01-Feb-2026 18:27:07 America/Sao_Paulo] ADMIN_API: config.php carregado com sucesso.
[01-Feb-2026 18:27:07 America/Sao_Paulo] ADMIN_API: Ação recebida: upload_logo
[01-Feb-2026 18:27:07 America/Sao_Paulo] ADMIN_API upload_logo: target_path (relativo)=uploads/config/logo_1769981227.png
[01-Feb-2026 18:27:07 America/Sao_Paulo] ADMIN_API upload_logo: target_path (absoluto)=/home/u527060234/domains/vitrineacademy.com.br/public_html/gatewaypro1/api/../uploads/config/logo_1769981227.png
[01-Feb-2026 18:27:07 America/Sao_Paulo] ADMIN_API upload_logo: upload_dir exists=YES
[01-Feb-2026 18:27:07 America/Sao_Paulo] ADMIN_API upload_logo: upload_dir writable=YES
[01-Feb-2026 18:27:07 America/Sao_Paulo] ADMIN_API upload_logo: Arquivo movido com sucesso para: /home/u527060234/domains/vitrineacademy.com.br/public_html/gatewaypro1/api/../uploads/config/logo_1769981227.png
[01-Feb-2026 18:27:07 America/Sao_Paulo] ADMIN_API upload_logo: Arquivo confirmado existente após mover
[01-Feb-2026 18:27:07 America/Sao_Paulo] ADMIN_API upload_logo: Configuração salva no banco: uploads/config/logo_1769981227.png
[01-Feb-2026 21:27:09 UTC] ADMIN_API: Script iniciado.
[01-Feb-2026 21:27:09 UTC] ADMIN_API: Exception.php carregado com sucesso.
[01-Feb-2026 21:27:09 UTC] ADMIN_API: PHPMailer.php carregado com sucesso.
[01-Feb-2026 21:27:09 UTC] ADMIN_API: SMTP.php carregado com sucesso.
[01-Feb-2026 18:27:09 America/Sao_Paulo] ADMIN_API: config.php carregado com sucesso.
[01-Feb-2026 18:27:09 America/Sao_Paulo] ADMIN_API: Ação recebida: save_theme
[01-Feb-2026 21:27:13 UTC] ADMIN_API: Script iniciado.
[01-Feb-2026 21:27:13 UTC] ADMIN_API: Exception.php carregado com sucesso.
[01-Feb-2026 21:27:13 UTC] ADMIN_API: PHPMailer.php carregado com sucesso.
[01-Feb-2026 21:27:13 UTC] ADMIN_API: SMTP.php carregado com sucesso.
[01-Feb-2026 18:27:13 America/Sao_Paulo] ADMIN_API: config.php carregado com sucesso.
[01-Feb-2026 18:27:13 America/Sao_Paulo] ADMIN_API: Ação recebida: get_admin_dashboard_data
[01-Feb-2026 18:27:13 America/Sao_Paulo] ADMIN_API: Preparing JSON response for action: get_admin_dashboard_data
[01-Feb-2026 21:27:19 UTC] ADMIN_API: Script iniciado.
[01-Feb-2026 21:27:19 UTC] ADMIN_API: Exception.php carregado com sucesso.
[01-Feb-2026 21:27:19 UTC] ADMIN_API: PHPMailer.php carregado com sucesso.
[01-Feb-2026 21:27:19 UTC] ADMIN_API: SMTP.php carregado com sucesso.
[01-Feb-2026 18:27:19 America/Sao_Paulo] ADMIN_API: config.php carregado com sucesso.
[01-Feb-2026 18:27:19 America/Sao_Paulo] ADMIN_API: Ação recebida: get_users
[01-Feb-2026 18:27:19 America/Sao_Paulo] ADMIN_API: Preparing JSON response for action: get_users with role: all
[01-Feb-2026 21:27:32 UTC] ADMIN_API: Script iniciado.
[01-Feb-2026 21:27:32 UTC] ADMIN_API: Exception.php carregado com sucesso.
[01-Feb-2026 21:27:32 UTC] ADMIN_API: PHPMailer.php carregado com sucesso.
[01-Feb-2026 21:27:32 UTC] ADMIN_API: SMTP.php carregado com sucesso.
[01-Feb-2026 18:27:32 America/Sao_Paulo] ADMIN_API: config.php carregado com sucesso.
[01-Feb-2026 18:27:32 America/Sao_Paulo] ADMIN_API: Ação recebida: save_theme
[01-Feb-2026 21:27:43 UTC] ADMIN_API: Script iniciado.
[01-Feb-2026 21:27:43 UTC] ADMIN_API: Exception.php carregado com sucesso.
[01-Feb-2026 21:27:43 UTC] ADMIN_API: PHPMailer.php carregado com sucesso.
[01-Feb-2026 21:27:43 UTC] ADMIN_API: SMTP.php carregado com sucesso.
[01-Feb-2026 18:27:43 America/Sao_Paulo] ADMIN_API: config.php carregado com sucesso.
[01-Feb-2026 18:27:43 America/Sao_Paulo] ADMIN_API: Ação recebida: save_theme
[01-Feb-2026 21:27:52 UTC] ADMIN_API: Script iniciado.
[01-Feb-2026 21:27:52 UTC] ADMIN_API: Exception.php carregado com sucesso.
[01-Feb-2026 21:27:52 UTC] ADMIN_API: PHPMailer.php carregado com sucesso.
[01-Feb-2026 21:27:52 UTC] ADMIN_API: SMTP.php carregado com sucesso.
[01-Feb-2026 18:27:52 America/Sao_Paulo] ADMIN_API: config.php carregado com sucesso.
[01-Feb-2026 18:27:52 America/Sao_Paulo] ADMIN_API: Ação recebida: get_admin_dashboard_data
[01-Feb-2026 18:27:52 America/Sao_Paulo] ADMIN_API: Preparing JSON response for action: get_admin_dashboard_data
[01-Feb-2026 21:45:11 UTC] ADMIN_API: Script iniciado.
[01-Feb-2026 21:45:11 UTC] ADMIN_API: Exception.php carregado com sucesso.
[01-Feb-2026 21:45:11 UTC] ADMIN_API: PHPMailer.php carregado com sucesso.
[01-Feb-2026 21:45:11 UTC] ADMIN_API: SMTP.php carregado com sucesso.
[01-Feb-2026 18:45:11 America/Sao_Paulo] ADMIN_API: config.php carregado com sucesso.
[01-Feb-2026 18:45:11 America/Sao_Paulo] ADMIN_API: Ação recebida: save_theme
[01-Feb-2026 21:45:28 UTC] ADMIN_API: Script iniciado.
[01-Feb-2026 21:45:28 UTC] ADMIN_API: Exception.php carregado com sucesso.
[01-Feb-2026 21:45:28 UTC] ADMIN_API: PHPMailer.php carregado com sucesso.
[01-Feb-2026 21:45:28 UTC] ADMIN_API: SMTP.php carregado com sucesso.
[01-Feb-2026 18:45:28 America/Sao_Paulo] ADMIN_API: config.php carregado com sucesso.
[01-Feb-2026 18:45:28 America/Sao_Paulo] ADMIN_API: Ação recebida: save_theme
[01-Feb-2026 21:45:45 UTC] ADMIN_API: Script iniciado.
[01-Feb-2026 21:45:45 UTC] ADMIN_API: Exception.php carregado com sucesso.
[01-Feb-2026 21:45:45 UTC] ADMIN_API: PHPMailer.php carregado com sucesso.
[01-Feb-2026 21:45:45 UTC] ADMIN_API: SMTP.php carregado com sucesso.
[01-Feb-2026 18:45:45 America/Sao_Paulo] ADMIN_API: config.php carregado com sucesso.
[01-Feb-2026 18:45:45 America/Sao_Paulo] ADMIN_API: Ação recebida: save_theme
[01-Feb-2026 21:45:56 UTC] ADMIN_API: Script iniciado.
[01-Feb-2026 21:45:56 UTC] ADMIN_API: Exception.php carregado com sucesso.
[01-Feb-2026 21:45:56 UTC] ADMIN_API: PHPMailer.php carregado com sucesso.
[01-Feb-2026 21:45:56 UTC] ADMIN_API: SMTP.php carregado com sucesso.
[01-Feb-2026 18:45:56 America/Sao_Paulo] ADMIN_API: config.php carregado com sucesso.
[01-Feb-2026 18:45:56 America/Sao_Paulo] ADMIN_API: Ação recebida: save_theme
[01-Feb-2026 21:46:11 UTC] ADMIN_API: Script iniciado.
[01-Feb-2026 21:46:11 UTC] ADMIN_API: Exception.php carregado com sucesso.
[01-Feb-2026 21:46:11 UTC] ADMIN_API: PHPMailer.php carregado com sucesso.
[01-Feb-2026 21:46:11 UTC] ADMIN_API: SMTP.php carregado com sucesso.
[01-Feb-2026 18:46:11 America/Sao_Paulo] ADMIN_API: config.php carregado com sucesso.
[01-Feb-2026 18:46:11 America/Sao_Paulo] ADMIN_API: Ação recebida: get_admin_dashboard_data
[01-Feb-2026 18:46:11 America/Sao_Paulo] ADMIN_API: Preparing JSON response for action: get_admin_dashboard_data
[01-Feb-2026 21:46:13 UTC] ADMIN_API: Script iniciado.
[01-Feb-2026 21:46:13 UTC] ADMIN_API: Exception.php carregado com sucesso.
[01-Feb-2026 21:46:13 UTC] ADMIN_API: PHPMailer.php carregado com sucesso.
[01-Feb-2026 21:46:13 UTC] ADMIN_API: SMTP.php carregado com sucesso.
[01-Feb-2026 18:46:13 America/Sao_Paulo] ADMIN_API: config.php carregado com sucesso.
[01-Feb-2026 18:46:13 America/Sao_Paulo] ADMIN_API: Ação recebida: get_users
[01-Feb-2026 18:46:13 America/Sao_Paulo] ADMIN_API: Preparing JSON response for action: get_users with role: all
[01-Feb-2026 21:46:14 UTC] ADMIN_API: Script iniciado.
[01-Feb-2026 21:46:14 UTC] ADMIN_API: Exception.php carregado com sucesso.
[01-Feb-2026 21:46:14 UTC] ADMIN_API: PHPMailer.php carregado com sucesso.
[01-Feb-2026 21:46:14 UTC] ADMIN_API: SMTP.php carregado com sucesso.
[01-Feb-2026 18:46:14 America/Sao_Paulo] ADMIN_API: config.php carregado com sucesso.
[01-Feb-2026 18:46:14 America/Sao_Paulo] ADMIN_API: Ação recebida: get_admin_dashboard_data
[01-Feb-2026 18:46:14 America/Sao_Paulo] ADMIN_API: Preparing JSON response for action: get_admin_dashboard_data
[01-Feb-2026 21:46:38 UTC] ADMIN_API: Script iniciado.
[01-Feb-2026 21:46:38 UTC] ADMIN_API: Exception.php carregado com sucesso.
[01-Feb-2026 21:46:38 UTC] ADMIN_API: PHPMailer.php carregado com sucesso.
[01-Feb-2026 21:46:38 UTC] ADMIN_API: SMTP.php carregado com sucesso.
[01-Feb-2026 18:46:38 America/Sao_Paulo] ADMIN_API: config.php carregado com sucesso.
[01-Feb-2026 18:46:38 America/Sao_Paulo] ADMIN_API: Ação recebida: get_admin_dashboard_data
[01-Feb-2026 18:46:38 America/Sao_Paulo] ADMIN_API: Preparing JSON response for action: get_admin_dashboard_data
[01-Feb-2026 21:46:40 UTC] ADMIN_API: Script iniciado.
[01-Feb-2026 21:46:40 UTC] ADMIN_API: Exception.php carregado com sucesso.
[01-Feb-2026 21:46:40 UTC] ADMIN_API: PHPMailer.php carregado com sucesso.
[01-Feb-2026 21:46:40 UTC] ADMIN_API: SMTP.php carregado com sucesso.
[01-Feb-2026 18:46:40 America/Sao_Paulo] ADMIN_API: config.php carregado com sucesso.
[01-Feb-2026 18:46:40 America/Sao_Paulo] ADMIN_API: Ação recebida: get_users
[01-Feb-2026 18:46:40 America/Sao_Paulo] ADMIN_API: Preparing JSON response for action: get_users with role: all
[01-Feb-2026 21:46:44 UTC] ADMIN_API: Script iniciado.
[01-Feb-2026 21:46:44 UTC] ADMIN_API: Exception.php carregado com sucesso.
[01-Feb-2026 21:46:44 UTC] ADMIN_API: PHPMailer.php carregado com sucesso.
[01-Feb-2026 21:46:44 UTC] ADMIN_API: SMTP.php carregado com sucesso.
[01-Feb-2026 18:46:44 America/Sao_Paulo] ADMIN_API: config.php carregado com sucesso.
[01-Feb-2026 18:46:44 America/Sao_Paulo] ADMIN_API: Ação recebida: get_admin_dashboard_data
[01-Feb-2026 18:46:44 America/Sao_Paulo] ADMIN_API: Preparing JSON response for action: get_admin_dashboard_data
[01-Feb-2026 21:46:48 UTC] ADMIN_API: Script iniciado.
[01-Feb-2026 21:46:48 UTC] ADMIN_API: Exception.php carregado com sucesso.
[01-Feb-2026 21:46:48 UTC] ADMIN_API: PHPMailer.php carregado com sucesso.
[01-Feb-2026 21:46:48 UTC] ADMIN_API: SMTP.php carregado com sucesso.
[01-Feb-2026 18:46:48 America/Sao_Paulo] ADMIN_API: config.php carregado com sucesso.
[01-Feb-2026 18:46:48 America/Sao_Paulo] ADMIN_API: Ação recebida: get_admin_dashboard_data
[01-Feb-2026 18:46:48 America/Sao_Paulo] ADMIN_API: Preparing JSON response for action: get_admin_dashboard_data
[01-Feb-2026 21:46:57 UTC] ADMIN_API: Script iniciado.
[01-Feb-2026 21:46:57 UTC] ADMIN_API: Exception.php carregado com sucesso.
[01-Feb-2026 21:46:57 UTC] ADMIN_API: PHPMailer.php carregado com sucesso.
[01-Feb-2026 21:46:57 UTC] ADMIN_API: SMTP.php carregado com sucesso.
[01-Feb-2026 18:46:57 America/Sao_Paulo] ADMIN_API: config.php carregado com sucesso.
[01-Feb-2026 18:46:57 America/Sao_Paulo] ADMIN_API: Ação recebida: save_theme
[01-Feb-2026 21:47:07 UTC] ADMIN_API: Script iniciado.
[01-Feb-2026 21:47:07 UTC] ADMIN_API: Exception.php carregado com sucesso.
[01-Feb-2026 21:47:07 UTC] ADMIN_API: PHPMailer.php carregado com sucesso.
[01-Feb-2026 21:47:07 UTC] ADMIN_API: SMTP.php carregado com sucesso.
[01-Feb-2026 18:47:07 America/Sao_Paulo] ADMIN_API: config.php carregado com sucesso.
[01-Feb-2026 18:47:07 America/Sao_Paulo] ADMIN_API: Ação recebida: save_theme
[01-Feb-2026 21:47:20 UTC] ADMIN_API: Script iniciado.
[01-Feb-2026 21:47:20 UTC] ADMIN_API: Exception.php carregado com sucesso.
[01-Feb-2026 21:47:20 UTC] ADMIN_API: PHPMailer.php carregado com sucesso.
[01-Feb-2026 21:47:20 UTC] ADMIN_API: SMTP.php carregado com sucesso.
[01-Feb-2026 18:47:20 America/Sao_Paulo] ADMIN_API: config.php carregado com sucesso.
[01-Feb-2026 18:47:20 America/Sao_Paulo] ADMIN_API: Ação recebida: save_theme
[01-Feb-2026 21:47:24 UTC] ADMIN_API: Script iniciado.
[01-Feb-2026 21:47:24 UTC] ADMIN_API: Exception.php carregado com sucesso.
[01-Feb-2026 21:47:24 UTC] ADMIN_API: PHPMailer.php carregado com sucesso.
[01-Feb-2026 21:47:24 UTC] ADMIN_API: SMTP.php carregado com sucesso.
[01-Feb-2026 18:47:24 America/Sao_Paulo] ADMIN_API: config.php carregado com sucesso.
[01-Feb-2026 18:47:24 America/Sao_Paulo] ADMIN_API: Ação recebida: get_admin_dashboard_data
[01-Feb-2026 18:47:24 America/Sao_Paulo] ADMIN_API: Preparing JSON response for action: get_admin_dashboard_data
[02-Feb-2026 17:28:24 UTC] ADMIN_API: Script iniciado.
[02-Feb-2026 17:28:24 UTC] ADMIN_API: Exception.php carregado com sucesso.
[02-Feb-2026 17:28:24 UTC] ADMIN_API: PHPMailer.php carregado com sucesso.
[02-Feb-2026 17:28:24 UTC] ADMIN_API: SMTP.php carregado com sucesso.
[02-Feb-2026 14:28:24 America/Sao_Paulo] ADMIN_API: config.php carregado com sucesso.
[02-Feb-2026 14:28:24 America/Sao_Paulo] ADMIN_API: Ação recebida: get_admin_dashboard_data
[02-Feb-2026 14:28:24 America/Sao_Paulo] ADMIN_API: Preparing JSON response for action: get_admin_dashboard_data
[02-Feb-2026 17:35:33 UTC] ADMIN_API: Script iniciado.
[02-Feb-2026 17:35:33 UTC] ADMIN_API: Exception.php carregado com sucesso.
[02-Feb-2026 17:35:33 UTC] ADMIN_API: PHPMailer.php carregado com sucesso.
[02-Feb-2026 17:35:33 UTC] ADMIN_API: SMTP.php carregado com sucesso.
[02-Feb-2026 14:35:33 America/Sao_Paulo] ADMIN_API: config.php carregado com sucesso.
[02-Feb-2026 14:35:33 America/Sao_Paulo] ADMIN_API: Ação recebida: get_users
[02-Feb-2026 14:35:33 America/Sao_Paulo] ADMIN_API: Preparing JSON response for action: get_users with role: infoproducer
[02-Feb-2026 22:27:29 UTC] ADMIN_API: Script iniciado.
[02-Feb-2026 22:27:29 UTC] ADMIN_API: Exception.php carregado com sucesso.
[02-Feb-2026 22:27:29 UTC] ADMIN_API: PHPMailer.php carregado com sucesso.
[02-Feb-2026 22:27:29 UTC] ADMIN_API: SMTP.php carregado com sucesso.
[02-Feb-2026 19:27:29 America/Sao_Paulo] ADMIN_API: config.php carregado com sucesso.
[02-Feb-2026 19:27:29 America/Sao_Paulo] ADMIN_API: Ação recebida: get_admin_dashboard_data
[02-Feb-2026 19:27:29 America/Sao_Paulo] ADMIN_API: Preparing JSON response for action: get_admin_dashboard_data
[02-Feb-2026 22:29:12 UTC] ADMIN_API: Script iniciado.
[02-Feb-2026 22:29:12 UTC] ADMIN_API: Exception.php carregado com sucesso.
[02-Feb-2026 22:29:12 UTC] ADMIN_API: PHPMailer.php carregado com sucesso.
[02-Feb-2026 22:29:12 UTC] ADMIN_API: SMTP.php carregado com sucesso.
[02-Feb-2026 19:29:12 America/Sao_Paulo] ADMIN_API: config.php carregado com sucesso.
[02-Feb-2026 19:29:12 America/Sao_Paulo] ADMIN_API: Ação recebida: get_admin_dashboard_data
[02-Feb-2026 19:29:12 America/Sao_Paulo] ADMIN_API: Preparing JSON response for action: get_admin_dashboard_data
[02-Feb-2026 22:29:19 UTC] ADMIN_API: Script iniciado.
[02-Feb-2026 22:29:19 UTC] ADMIN_API: Exception.php carregado com sucesso.
[02-Feb-2026 22:29:19 UTC] ADMIN_API: PHPMailer.php carregado com sucesso.
[02-Feb-2026 22:29:19 UTC] ADMIN_API: SMTP.php carregado com sucesso.
[02-Feb-2026 19:29:19 America/Sao_Paulo] ADMIN_API: config.php carregado com sucesso.
[02-Feb-2026 19:29:19 America/Sao_Paulo] ADMIN_API: Ação recebida: get_users
[02-Feb-2026 19:29:19 America/Sao_Paulo] ADMIN_API: Preparing JSON response for action: get_users with role: all
[02-Feb-2026 22:29:24 UTC] ADMIN_API: Script iniciado.
[02-Feb-2026 22:29:24 UTC] ADMIN_API: Exception.php carregado com sucesso.
[02-Feb-2026 22:29:24 UTC] ADMIN_API: PHPMailer.php carregado com sucesso.
[02-Feb-2026 22:29:24 UTC] ADMIN_API: SMTP.php carregado com sucesso.
[02-Feb-2026 19:29:24 America/Sao_Paulo] ADMIN_API: config.php carregado com sucesso.
[02-Feb-2026 19:29:24 America/Sao_Paulo] ADMIN_API: Ação recebida: get_users
[02-Feb-2026 19:29:24 America/Sao_Paulo] ADMIN_API: Preparing JSON response for action: get_users with role: infoproducer
[03-Feb-2026 20:19:06 UTC] ADMIN_API: Script iniciado.
[03-Feb-2026 20:19:06 UTC] ADMIN_API: Exception.php carregado com sucesso.
[03-Feb-2026 20:19:06 UTC] ADMIN_API: PHPMailer.php carregado com sucesso.
[03-Feb-2026 20:19:06 UTC] ADMIN_API: SMTP.php carregado com sucesso.
[03-Feb-2026 17:19:06 America/Sao_Paulo] ADMIN_API: config.php carregado com sucesso.
[03-Feb-2026 17:19:06 America/Sao_Paulo] ADMIN_API: Ação recebida: get_admin_dashboard_data
[03-Feb-2026 17:19:06 America/Sao_Paulo] ADMIN_API: Preparing JSON response for action: get_admin_dashboard_data
[03-Feb-2026 20:19:37 UTC] ADMIN_API: Script iniciado.
[03-Feb-2026 20:19:37 UTC] ADMIN_API: Exception.php carregado com sucesso.
[03-Feb-2026 20:19:37 UTC] ADMIN_API: PHPMailer.php carregado com sucesso.
[03-Feb-2026 20:19:37 UTC] ADMIN_API: SMTP.php carregado com sucesso.
[03-Feb-2026 17:19:37 America/Sao_Paulo] ADMIN_API: config.php carregado com sucesso.
[03-Feb-2026 17:19:37 America/Sao_Paulo] ADMIN_API: Ação recebida: get_users
[03-Feb-2026 17:19:37 America/Sao_Paulo] ADMIN_API: Preparing JSON response for action: get_users with role: all
[03-Feb-2026 20:19:58 UTC] ADMIN_API: Script iniciado.
[03-Feb-2026 20:19:58 UTC] ADMIN_API: Exception.php carregado com sucesso.
[03-Feb-2026 20:19:58 UTC] ADMIN_API: PHPMailer.php carregado com sucesso.
[03-Feb-2026 20:19:58 UTC] ADMIN_API: SMTP.php carregado com sucesso.
[03-Feb-2026 17:19:58 America/Sao_Paulo] ADMIN_API: config.php carregado com sucesso.
[03-Feb-2026 17:19:58 America/Sao_Paulo] ADMIN_API: Ação recebida: get_users
[03-Feb-2026 17:19:58 America/Sao_Paulo] ADMIN_API: Preparing JSON response for action: get_users with role: client
[03-Feb-2026 20:20:04 UTC] ADMIN_API: Script iniciado.
[03-Feb-2026 20:20:04 UTC] ADMIN_API: Exception.php carregado com sucesso.
[03-Feb-2026 20:20:04 UTC] ADMIN_API: PHPMailer.php carregado com sucesso.
[03-Feb-2026 20:20:04 UTC] ADMIN_API: SMTP.php carregado com sucesso.
[03-Feb-2026 17:20:04 America/Sao_Paulo] ADMIN_API: config.php carregado com sucesso.
[03-Feb-2026 17:20:04 America/Sao_Paulo] ADMIN_API: Ação recebida: get_email_settings
[03-Feb-2026 17:20:04 America/Sao_Paulo] ADMIN_API: Recebida ação get_email_settings.
[03-Feb-2026 20:20:18 UTC] ADMIN_API: Script iniciado.
[03-Feb-2026 20:20:18 UTC] ADMIN_API: Exception.php carregado com sucesso.
[03-Feb-2026 20:20:18 UTC] ADMIN_API: PHPMailer.php carregado com sucesso.
[03-Feb-2026 20:20:18 UTC] ADMIN_API: SMTP.php carregado com sucesso.
[03-Feb-2026 17:20:18 America/Sao_Paulo] ADMIN_API: config.php carregado com sucesso.
[03-Feb-2026 17:20:18 America/Sao_Paulo] ADMIN_API: Ação recebida: get_system_settings
[03-Feb-2026 20:20:29 UTC] ADMIN_API: Script iniciado.
[03-Feb-2026 20:20:29 UTC] ADMIN_API: Exception.php carregado com sucesso.
[03-Feb-2026 20:20:29 UTC] ADMIN_API: PHPMailer.php carregado com sucesso.
[03-Feb-2026 20:20:29 UTC] ADMIN_API: SMTP.php carregado com sucesso.
[03-Feb-2026 17:20:29 America/Sao_Paulo] ADMIN_API: config.php carregado com sucesso.
[03-Feb-2026 17:20:29 America/Sao_Paulo] ADMIN_API: Ação recebida: get_admin_dashboard_data
[03-Feb-2026 17:20:29 America/Sao_Paulo] ADMIN_API: Preparing JSON response for action: get_admin_dashboard_data
[04-Feb-2026 02:34:27 UTC] ADMIN_API: Script iniciado.
[04-Feb-2026 02:34:27 UTC] ADMIN_API: Exception.php carregado com sucesso.
[04-Feb-2026 02:34:27 UTC] ADMIN_API: PHPMailer.php carregado com sucesso.
[04-Feb-2026 02:34:27 UTC] ADMIN_API: SMTP.php carregado com sucesso.
[03-Feb-2026 23:34:27 America/Sao_Paulo] ADMIN_API: config.php carregado com sucesso.
[03-Feb-2026 23:34:27 America/Sao_Paulo] ADMIN_API: Ação recebida: get_admin_dashboard_data
[03-Feb-2026 23:34:27 America/Sao_Paulo] ADMIN_API: Preparing JSON response for action: get_admin_dashboard_data
[04-Feb-2026 02:34:34 UTC] ADMIN_API: Script iniciado.
[04-Feb-2026 02:34:34 UTC] ADMIN_API: Exception.php carregado com sucesso.
[04-Feb-2026 02:34:34 UTC] ADMIN_API: PHPMailer.php carregado com sucesso.
[04-Feb-2026 02:34:34 UTC] ADMIN_API: SMTP.php carregado com sucesso.
[03-Feb-2026 23:34:34 America/Sao_Paulo] ADMIN_API: config.php carregado com sucesso.
[03-Feb-2026 23:34:34 America/Sao_Paulo] ADMIN_API: Ação recebida: get_users
[03-Feb-2026 23:34:34 America/Sao_Paulo] ADMIN_API: Preparing JSON response for action: get_users with role: client
[04-Feb-2026 02:34:38 UTC] ADMIN_API: Script iniciado.
[04-Feb-2026 02:34:38 UTC] ADMIN_API: Exception.php carregado com sucesso.
[04-Feb-2026 02:34:38 UTC] ADMIN_API: PHPMailer.php carregado com sucesso.
[04-Feb-2026 02:34:38 UTC] ADMIN_API: SMTP.php carregado com sucesso.
[03-Feb-2026 23:34:38 America/Sao_Paulo] ADMIN_API: config.php carregado com sucesso.
[03-Feb-2026 23:34:38 America/Sao_Paulo] ADMIN_API: Ação recebida: get_users
[03-Feb-2026 23:34:38 America/Sao_Paulo] ADMIN_API: Preparing JSON response for action: get_users with role: all
[04-Feb-2026 02:35:17 UTC] ADMIN_API: Script iniciado.
[04-Feb-2026 02:35:17 UTC] ADMIN_API: Exception.php carregado com sucesso.
[04-Feb-2026 02:35:17 UTC] ADMIN_API: PHPMailer.php carregado com sucesso.
[04-Feb-2026 02:35:17 UTC] ADMIN_API: SMTP.php carregado com sucesso.
[03-Feb-2026 23:35:17 America/Sao_Paulo] ADMIN_API: config.php carregado com sucesso.
[03-Feb-2026 23:35:17 America/Sao_Paulo] ADMIN_API: Ação recebida: get_admin_dashboard_data
[03-Feb-2026 23:35:17 America/Sao_Paulo] ADMIN_API: Preparing JSON response for action: get_admin_dashboard_data
[04-Feb-2026 02:35:53 UTC] ADMIN_API: Script iniciado.
[04-Feb-2026 02:35:53 UTC] ADMIN_API: Exception.php carregado com sucesso.
[04-Feb-2026 02:35:53 UTC] ADMIN_API: PHPMailer.php carregado com sucesso.
[04-Feb-2026 02:35:53 UTC] ADMIN_API: SMTP.php carregado com sucesso.
[03-Feb-2026 23:35:53 America/Sao_Paulo] ADMIN_API: config.php carregado com sucesso.
[03-Feb-2026 23:35:53 America/Sao_Paulo] ADMIN_API: Ação recebida: get_admin_dashboard_data
[03-Feb-2026 23:35:53 America/Sao_Paulo] ADMIN_API: Preparing JSON response for action: get_admin_dashboard_data
[04-Feb-2026 08:51:47 UTC] ADMIN_API: Script iniciado.
[04-Feb-2026 08:51:47 UTC] ADMIN_API: Exception.php carregado com sucesso.
[04-Feb-2026 08:51:47 UTC] ADMIN_API: PHPMailer.php carregado com sucesso.
[04-Feb-2026 08:51:47 UTC] ADMIN_API: SMTP.php carregado com sucesso.
[04-Feb-2026 05:51:47 America/Sao_Paulo] ADMIN_API: config.php carregado com sucesso.
[04-Feb-2026 05:51:47 America/Sao_Paulo] ADMIN_API: Ação recebida: get_admin_dashboard_data
[04-Feb-2026 05:51:47 America/Sao_Paulo] ADMIN_API: Preparing JSON response for action: get_admin_dashboard_data
[04-Feb-2026 08:51:57 UTC] ADMIN_API: Script iniciado.
[04-Feb-2026 08:51:57 UTC] ADMIN_API: Exception.php carregado com sucesso.
[04-Feb-2026 08:51:57 UTC] ADMIN_API: PHPMailer.php carregado com sucesso.
[04-Feb-2026 08:51:57 UTC] ADMIN_API: SMTP.php carregado com sucesso.
[04-Feb-2026 05:51:57 America/Sao_Paulo] ADMIN_API: config.php carregado com sucesso.
[04-Feb-2026 05:51:57 America/Sao_Paulo] ADMIN_API: Ação recebida: get_users
[04-Feb-2026 05:51:57 America/Sao_Paulo] ADMIN_API: Preparing JSON response for action: get_users with role: all
[04-Feb-2026 08:52:20 UTC] ADMIN_API: Script iniciado.
[04-Feb-2026 08:52:20 UTC] ADMIN_API: Exception.php carregado com sucesso.
[04-Feb-2026 08:52:20 UTC] ADMIN_API: PHPMailer.php carregado com sucesso.
[04-Feb-2026 08:52:20 UTC] ADMIN_API: SMTP.php carregado com sucesso.
[04-Feb-2026 05:52:20 America/Sao_Paulo] ADMIN_API: config.php carregado com sucesso.
[04-Feb-2026 05:52:20 America/Sao_Paulo] ADMIN_API: Ação recebida: get_users
[04-Feb-2026 05:52:20 America/Sao_Paulo] ADMIN_API: Preparing JSON response for action: get_users with role: infoproducer
[04-Feb-2026 08:52:25 UTC] ADMIN_API: Script iniciado.
[04-Feb-2026 08:52:25 UTC] ADMIN_API: Exception.php carregado com sucesso.
[04-Feb-2026 08:52:25 UTC] ADMIN_API: PHPMailer.php carregado com sucesso.
[04-Feb-2026 08:52:25 UTC] ADMIN_API: SMTP.php carregado com sucesso.
[04-Feb-2026 05:52:25 America/Sao_Paulo] ADMIN_API: config.php carregado com sucesso.
[04-Feb-2026 05:52:25 America/Sao_Paulo] ADMIN_API: Ação recebida: get_users
[04-Feb-2026 05:52:25 America/Sao_Paulo] ADMIN_API: Preparing JSON response for action: get_users with role: client
[04-Feb-2026 08:52:30 UTC] ADMIN_API: Script iniciado.
[04-Feb-2026 08:52:30 UTC] ADMIN_API: Exception.php carregado com sucesso.
[04-Feb-2026 08:52:30 UTC] ADMIN_API: PHPMailer.php carregado com sucesso.
[04-Feb-2026 08:52:30 UTC] ADMIN_API: SMTP.php carregado com sucesso.
[04-Feb-2026 05:52:30 America/Sao_Paulo] ADMIN_API: config.php carregado com sucesso.
[04-Feb-2026 05:52:30 America/Sao_Paulo] ADMIN_API: Ação recebida: get_email_settings
[04-Feb-2026 05:52:30 America/Sao_Paulo] ADMIN_API: Recebida ação get_email_settings.
[04-Feb-2026 08:52:34 UTC] ADMIN_API: Script iniciado.
[04-Feb-2026 08:52:34 UTC] ADMIN_API: Exception.php carregado com sucesso.
[04-Feb-2026 08:52:34 UTC] ADMIN_API: PHPMailer.php carregado com sucesso.
[04-Feb-2026 08:52:34 UTC] ADMIN_API: SMTP.php carregado com sucesso.
[04-Feb-2026 05:52:34 America/Sao_Paulo] ADMIN_API: config.php carregado com sucesso.
[04-Feb-2026 05:52:34 America/Sao_Paulo] ADMIN_API: Ação recebida: get_admin_dashboard_data
[04-Feb-2026 05:52:34 America/Sao_Paulo] ADMIN_API: Preparing JSON response for action: get_admin_dashboard_data
[04-Feb-2026 08:52:39 UTC] ADMIN_API: Script iniciado.
[04-Feb-2026 08:52:39 UTC] ADMIN_API: Exception.php carregado com sucesso.
[04-Feb-2026 08:52:39 UTC] ADMIN_API: PHPMailer.php carregado com sucesso.
[04-Feb-2026 08:52:39 UTC] ADMIN_API: SMTP.php carregado com sucesso.
[04-Feb-2026 05:52:39 America/Sao_Paulo] ADMIN_API: config.php carregado com sucesso.
[04-Feb-2026 05:52:39 America/Sao_Paulo] ADMIN_API: Ação recebida: get_users
[04-Feb-2026 05:52:39 America/Sao_Paulo] ADMIN_API: Preparing JSON response for action: get_users with role: all
[04-Feb-2026 08:53:58 UTC] ADMIN_API: Script iniciado.
[04-Feb-2026 08:53:58 UTC] ADMIN_API: Exception.php carregado com sucesso.
[04-Feb-2026 08:53:58 UTC] ADMIN_API: PHPMailer.php carregado com sucesso.
[04-Feb-2026 08:53:58 UTC] ADMIN_API: SMTP.php carregado com sucesso.
[04-Feb-2026 05:53:58 America/Sao_Paulo] ADMIN_API: config.php carregado com sucesso.
[04-Feb-2026 05:53:58 America/Sao_Paulo] ADMIN_API: Ação recebida: save_theme
[04-Feb-2026 08:53:58 UTC] ADMIN_API: Script iniciado.
[04-Feb-2026 08:53:58 UTC] ADMIN_API: Exception.php carregado com sucesso.
[04-Feb-2026 08:53:58 UTC] ADMIN_API: PHPMailer.php carregado com sucesso.
[04-Feb-2026 08:53:58 UTC] ADMIN_API: SMTP.php carregado com sucesso.
[04-Feb-2026 05:53:58 America/Sao_Paulo] ADMIN_API: config.php carregado com sucesso.
[04-Feb-2026 05:53:58 America/Sao_Paulo] ADMIN_API: Ação recebida: save_theme
[04-Feb-2026 08:54:03 UTC] ADMIN_API: Script iniciado.
[04-Feb-2026 08:54:03 UTC] ADMIN_API: Exception.php carregado com sucesso.
[04-Feb-2026 08:54:03 UTC] ADMIN_API: PHPMailer.php carregado com sucesso.
[04-Feb-2026 08:54:03 UTC] ADMIN_API: SMTP.php carregado com sucesso.
[04-Feb-2026 05:54:03 America/Sao_Paulo] ADMIN_API: config.php carregado com sucesso.
[04-Feb-2026 05:54:03 America/Sao_Paulo] ADMIN_API: Ação recebida: save_theme
[04-Feb-2026 08:54:04 UTC] ADMIN_API: Script iniciado.
[04-Feb-2026 08:54:04 UTC] ADMIN_API: Exception.php carregado com sucesso.
[04-Feb-2026 08:54:04 UTC] ADMIN_API: PHPMailer.php carregado com sucesso.
[04-Feb-2026 08:54:04 UTC] ADMIN_API: SMTP.php carregado com sucesso.
[04-Feb-2026 05:54:04 America/Sao_Paulo] ADMIN_API: config.php carregado com sucesso.
[04-Feb-2026 05:54:04 America/Sao_Paulo] ADMIN_API: Ação recebida: save_theme
[04-Feb-2026 08:54:08 UTC] ADMIN_API: Script iniciado.
[04-Feb-2026 08:54:08 UTC] ADMIN_API: Exception.php carregado com sucesso.
[04-Feb-2026 08:54:08 UTC] ADMIN_API: PHPMailer.php carregado com sucesso.
[04-Feb-2026 08:54:08 UTC] ADMIN_API: SMTP.php carregado com sucesso.
[04-Feb-2026 05:54:08 America/Sao_Paulo] ADMIN_API: config.php carregado com sucesso.
[04-Feb-2026 05:54:08 America/Sao_Paulo] ADMIN_API: Ação recebida: save_theme
[04-Feb-2026 08:54:11 UTC] ADMIN_API: Script iniciado.
[04-Feb-2026 08:54:11 UTC] ADMIN_API: Exception.php carregado com sucesso.
[04-Feb-2026 08:54:11 UTC] ADMIN_API: PHPMailer.php carregado com sucesso.
[04-Feb-2026 08:54:11 UTC] ADMIN_API: SMTP.php carregado com sucesso.
[04-Feb-2026 05:54:11 America/Sao_Paulo] ADMIN_API: config.php carregado com sucesso.
[04-Feb-2026 05:54:11 America/Sao_Paulo] ADMIN_API: Ação recebida: save_theme
[04-Feb-2026 08:54:12 UTC] ADMIN_API: Script iniciado.
[04-Feb-2026 08:54:12 UTC] ADMIN_API: Exception.php carregado com sucesso.
[04-Feb-2026 08:54:12 UTC] ADMIN_API: PHPMailer.php carregado com sucesso.
[04-Feb-2026 08:54:12 UTC] ADMIN_API: SMTP.php carregado com sucesso.
[04-Feb-2026 05:54:12 America/Sao_Paulo] ADMIN_API: config.php carregado com sucesso.
[04-Feb-2026 05:54:12 America/Sao_Paulo] ADMIN_API: Ação recebida: save_theme
[04-Feb-2026 08:54:17 UTC] ADMIN_API: Script iniciado.
[04-Feb-2026 08:54:17 UTC] ADMIN_API: Exception.php carregado com sucesso.
[04-Feb-2026 08:54:17 UTC] ADMIN_API: PHPMailer.php carregado com sucesso.
[04-Feb-2026 08:54:17 UTC] ADMIN_API: SMTP.php carregado com sucesso.
[04-Feb-2026 05:54:17 America/Sao_Paulo] ADMIN_API: config.php carregado com sucesso.
[04-Feb-2026 05:54:17 America/Sao_Paulo] ADMIN_API: Ação recebida: save_theme
[04-Feb-2026 08:55:34 UTC] ADMIN_API: Script iniciado.
[04-Feb-2026 08:55:34 UTC] ADMIN_API: Exception.php carregado com sucesso.
[04-Feb-2026 08:55:34 UTC] ADMIN_API: PHPMailer.php carregado com sucesso.
[04-Feb-2026 08:55:34 UTC] ADMIN_API: SMTP.php carregado com sucesso.
[04-Feb-2026 05:55:34 America/Sao_Paulo] ADMIN_API: config.php carregado com sucesso.
[04-Feb-2026 05:55:34 America/Sao_Paulo] ADMIN_API: Ação recebida: save_theme
[04-Feb-2026 08:56:15 UTC] ADMIN_API: Script iniciado.
[04-Feb-2026 08:56:15 UTC] ADMIN_API: Exception.php carregado com sucesso.
[04-Feb-2026 08:56:15 UTC] ADMIN_API: PHPMailer.php carregado com sucesso.
[04-Feb-2026 08:56:15 UTC] ADMIN_API: SMTP.php carregado com sucesso.
[04-Feb-2026 05:56:15 America/Sao_Paulo] ADMIN_API: config.php carregado com sucesso.
[04-Feb-2026 05:56:15 America/Sao_Paulo] ADMIN_API: Ação recebida: save_theme
[04-Feb-2026 08:56:20 UTC] ADMIN_API: Script iniciado.
[04-Feb-2026 08:56:20 UTC] ADMIN_API: Exception.php carregado com sucesso.
[04-Feb-2026 08:56:20 UTC] ADMIN_API: PHPMailer.php carregado com sucesso.
[04-Feb-2026 08:56:20 UTC] ADMIN_API: SMTP.php carregado com sucesso.
[04-Feb-2026 05:56:20 America/Sao_Paulo] ADMIN_API: config.php carregado com sucesso.
[04-Feb-2026 05:56:20 America/Sao_Paulo] ADMIN_API: Ação recebida: save_theme
[04-Feb-2026 08:56:24 UTC] ADMIN_API: Script iniciado.
[04-Feb-2026 08:56:24 UTC] ADMIN_API: Exception.php carregado com sucesso.
[04-Feb-2026 08:56:24 UTC] ADMIN_API: PHPMailer.php carregado com sucesso.
[04-Feb-2026 08:56:24 UTC] ADMIN_API: SMTP.php carregado com sucesso.
[04-Feb-2026 05:56:24 America/Sao_Paulo] ADMIN_API: config.php carregado com sucesso.
[04-Feb-2026 05:56:24 America/Sao_Paulo] ADMIN_API: Ação recebida: save_theme
[04-Feb-2026 08:56:25 UTC] ADMIN_API: Script iniciado.
[04-Feb-2026 08:56:25 UTC] ADMIN_API: Exception.php carregado com sucesso.
[04-Feb-2026 08:56:25 UTC] ADMIN_API: PHPMailer.php carregado com sucesso.
[04-Feb-2026 08:56:25 UTC] ADMIN_API: SMTP.php carregado com sucesso.
[04-Feb-2026 05:56:25 America/Sao_Paulo] ADMIN_API: config.php carregado com sucesso.
[04-Feb-2026 05:56:25 America/Sao_Paulo] ADMIN_API: Ação recebida: save_theme
[04-Feb-2026 08:56:28 UTC] ADMIN_API: Script iniciado.
[04-Feb-2026 08:56:28 UTC] ADMIN_API: Exception.php carregado com sucesso.
[04-Feb-2026 08:56:28 UTC] ADMIN_API: PHPMailer.php carregado com sucesso.
[04-Feb-2026 08:56:28 UTC] ADMIN_API: SMTP.php carregado com sucesso.
[04-Feb-2026 05:56:28 America/Sao_Paulo] ADMIN_API: config.php carregado com sucesso.
[04-Feb-2026 05:56:28 America/Sao_Paulo] ADMIN_API: Ação recebida: save_theme
[04-Feb-2026 08:56:33 UTC] ADMIN_API: Script iniciado.
[04-Feb-2026 08:56:33 UTC] ADMIN_API: Exception.php carregado com sucesso.
[04-Feb-2026 08:56:33 UTC] ADMIN_API: PHPMailer.php carregado com sucesso.
[04-Feb-2026 08:56:33 UTC] ADMIN_API: SMTP.php carregado com sucesso.
[04-Feb-2026 05:56:33 America/Sao_Paulo] ADMIN_API: config.php carregado com sucesso.
[04-Feb-2026 05:56:33 America/Sao_Paulo] ADMIN_API: Ação recebida: save_theme
[04-Feb-2026 08:56:59 UTC] ADMIN_API: Script iniciado.
[04-Feb-2026 08:56:59 UTC] ADMIN_API: Exception.php carregado com sucesso.
[04-Feb-2026 08:56:59 UTC] ADMIN_API: PHPMailer.php carregado com sucesso.
[04-Feb-2026 08:56:59 UTC] ADMIN_API: SMTP.php carregado com sucesso.
[04-Feb-2026 05:56:59 America/Sao_Paulo] ADMIN_API: config.php carregado com sucesso.
[04-Feb-2026 05:56:59 America/Sao_Paulo] ADMIN_API: Ação recebida: get_admin_dashboard_data
[04-Feb-2026 05:56:59 America/Sao_Paulo] ADMIN_API: Preparing JSON response for action: get_admin_dashboard_data
[04-Feb-2026 08:57:22 UTC] ADMIN_API: Script iniciado.
[04-Feb-2026 08:57:22 UTC] ADMIN_API: Exception.php carregado com sucesso.
[04-Feb-2026 08:57:22 UTC] ADMIN_API: PHPMailer.php carregado com sucesso.
[04-Feb-2026 08:57:22 UTC] ADMIN_API: SMTP.php carregado com sucesso.
[04-Feb-2026 05:57:22 America/Sao_Paulo] ADMIN_API: config.php carregado com sucesso.
[04-Feb-2026 05:57:22 America/Sao_Paulo] ADMIN_API: Ação recebida: get_users
[04-Feb-2026 05:57:22 America/Sao_Paulo] ADMIN_API: Preparing JSON response for action: get_users with role: all
[04-Feb-2026 08:57:38 UTC] ADMIN_API: Script iniciado.
[04-Feb-2026 08:57:38 UTC] ADMIN_API: Exception.php carregado com sucesso.
[04-Feb-2026 08:57:38 UTC] ADMIN_API: PHPMailer.php carregado com sucesso.
[04-Feb-2026 08:57:38 UTC] ADMIN_API: SMTP.php carregado com sucesso.
[04-Feb-2026 05:57:38 America/Sao_Paulo] ADMIN_API: config.php carregado com sucesso.
[04-Feb-2026 05:57:38 America/Sao_Paulo] ADMIN_API: Ação recebida: get_users
[04-Feb-2026 05:57:38 America/Sao_Paulo] ADMIN_API: Preparing JSON response for action: get_users with role: infoproducer
[04-Feb-2026 08:57:42 UTC] ADMIN_API: Script iniciado.
[04-Feb-2026 08:57:42 UTC] ADMIN_API: Exception.php carregado com sucesso.
[04-Feb-2026 08:57:42 UTC] ADMIN_API: PHPMailer.php carregado com sucesso.
[04-Feb-2026 08:57:42 UTC] ADMIN_API: SMTP.php carregado com sucesso.
[04-Feb-2026 05:57:42 America/Sao_Paulo] ADMIN_API: config.php carregado com sucesso.
[04-Feb-2026 05:57:42 America/Sao_Paulo] ADMIN_API: Ação recebida: get_users
[04-Feb-2026 05:57:42 America/Sao_Paulo] ADMIN_API: Preparing JSON response for action: get_users with role: client
[04-Feb-2026 08:57:50 UTC] ADMIN_API: Script iniciado.
[04-Feb-2026 08:57:50 UTC] ADMIN_API: Exception.php carregado com sucesso.
[04-Feb-2026 08:57:50 UTC] ADMIN_API: PHPMailer.php carregado com sucesso.
[04-Feb-2026 08:57:50 UTC] ADMIN_API: SMTP.php carregado com sucesso.
[04-Feb-2026 05:57:50 America/Sao_Paulo] ADMIN_API: config.php carregado com sucesso.
[04-Feb-2026 05:57:50 America/Sao_Paulo] ADMIN_API: Ação recebida: get_email_settings
[04-Feb-2026 05:57:50 America/Sao_Paulo] ADMIN_API: Recebida ação get_email_settings.
[04-Feb-2026 08:58:49 UTC] ADMIN_API: Script iniciado.
[04-Feb-2026 08:58:49 UTC] ADMIN_API: Exception.php carregado com sucesso.
[04-Feb-2026 08:58:49 UTC] ADMIN_API: PHPMailer.php carregado com sucesso.
[04-Feb-2026 08:58:49 UTC] ADMIN_API: SMTP.php carregado com sucesso.
[04-Feb-2026 05:58:49 America/Sao_Paulo] ADMIN_API: config.php carregado com sucesso.
[04-Feb-2026 05:58:49 America/Sao_Paulo] ADMIN_API: Ação recebida: get_users
[04-Feb-2026 05:58:49 America/Sao_Paulo] ADMIN_API: Preparing JSON response for action: get_users with role: client
[04-Feb-2026 08:59:01 UTC] ADMIN_API: Script iniciado.
[04-Feb-2026 08:59:01 UTC] ADMIN_API: Exception.php carregado com sucesso.
[04-Feb-2026 08:59:01 UTC] ADMIN_API: PHPMailer.php carregado com sucesso.
[04-Feb-2026 08:59:01 UTC] ADMIN_API: SMTP.php carregado com sucesso.
[04-Feb-2026 05:59:01 America/Sao_Paulo] ADMIN_API: config.php carregado com sucesso.
[04-Feb-2026 05:59:01 America/Sao_Paulo] ADMIN_API: Ação recebida: get_system_settings
[04-Feb-2026 09:01:43 UTC] ADMIN_API: Script iniciado.
[04-Feb-2026 09:01:43 UTC] ADMIN_API: Exception.php carregado com sucesso.
[04-Feb-2026 09:01:43 UTC] ADMIN_API: PHPMailer.php carregado com sucesso.
[04-Feb-2026 09:01:43 UTC] ADMIN_API: SMTP.php carregado com sucesso.
[04-Feb-2026 06:01:43 America/Sao_Paulo] ADMIN_API: config.php carregado com sucesso.
[04-Feb-2026 06:01:43 America/Sao_Paulo] ADMIN_API: Ação recebida: upload_notification_image
[04-Feb-2026 09:02:52 UTC] ADMIN_API: Script iniciado.
[04-Feb-2026 09:02:52 UTC] ADMIN_API: Exception.php carregado com sucesso.
[04-Feb-2026 09:02:52 UTC] ADMIN_API: PHPMailer.php carregado com sucesso.
[04-Feb-2026 09:02:52 UTC] ADMIN_API: SMTP.php carregado com sucesso.
[04-Feb-2026 06:02:52 America/Sao_Paulo] ADMIN_API: config.php carregado com sucesso.
[04-Feb-2026 06:02:52 America/Sao_Paulo] ADMIN_API: Ação recebida: toggle_produto_licenca
[04-Feb-2026 09:03:25 UTC] ADMIN_API: Script iniciado.
[04-Feb-2026 09:03:25 UTC] ADMIN_API: Exception.php carregado com sucesso.
[04-Feb-2026 09:03:25 UTC] ADMIN_API: PHPMailer.php carregado com sucesso.
[04-Feb-2026 09:03:25 UTC] ADMIN_API: SMTP.php carregado com sucesso.
[04-Feb-2026 06:03:25 America/Sao_Paulo] ADMIN_API: config.php carregado com sucesso.
[04-Feb-2026 06:03:25 America/Sao_Paulo] ADMIN_API: Ação recebida: toggle_produto_licenca
[04-Feb-2026 09:05:03 UTC] ADMIN_API: Script iniciado.
[04-Feb-2026 09:05:03 UTC] ADMIN_API: Exception.php carregado com sucesso.
[04-Feb-2026 09:05:03 UTC] ADMIN_API: PHPMailer.php carregado com sucesso.
[04-Feb-2026 09:05:03 UTC] ADMIN_API: SMTP.php carregado com sucesso.
[04-Feb-2026 06:05:03 America/Sao_Paulo] ADMIN_API: config.php carregado com sucesso.
[04-Feb-2026 06:05:03 America/Sao_Paulo] ADMIN_API: Ação recebida: save_theme
[04-Feb-2026 09:05:34 UTC] ADMIN_API: Script iniciado.
[04-Feb-2026 09:05:34 UTC] ADMIN_API: Exception.php carregado com sucesso.
[04-Feb-2026 09:05:34 UTC] ADMIN_API: PHPMailer.php carregado com sucesso.
[04-Feb-2026 09:05:34 UTC] ADMIN_API: SMTP.php carregado com sucesso.
[04-Feb-2026 06:05:34 America/Sao_Paulo] ADMIN_API: config.php carregado com sucesso.
[04-Feb-2026 06:05:34 America/Sao_Paulo] ADMIN_API: Ação recebida: save_theme
