[30-Jan-2026 21:03:02 UTC] API: Script iniciado.
[30-Jan-2026 21:03:02 UTC] API: PHPMailer Exception.php carregado com sucesso.
[30-Jan-2026 21:03:02 UTC] API: PHPMailer PHPMailer.php carregado com sucesso.
[30-Jan-2026 21:03:02 UTC] API: PHPMailer SMTP.php carregado com sucesso.
[30-Jan-2026 18:03:02 America/Sao_Paulo] API: config.php carregado com sucesso.
[30-Jan-2026 18:03:02 America/Sao_Paulo] API: Ação recebida: get_dashboard_data
[30-Jan-2026 21:04:46 UTC] API: Script iniciado.
[30-Jan-2026 21:04:46 UTC] API: PHPMailer Exception.php carregado com sucesso.
[30-Jan-2026 21:04:46 UTC] API: PHPMailer PHPMailer.php carregado com sucesso.
[30-Jan-2026 21:04:46 UTC] API: PHPMailer SMTP.php carregado com sucesso.
[30-Jan-2026 18:04:46 America/Sao_Paulo] API: config.php carregado com sucesso.
[30-Jan-2026 18:04:46 America/Sao_Paulo] API: Ação recebida: get_dashboard_data
[30-Jan-2026 21:05:58 UTC] API: Script iniciado.
[30-Jan-2026 21:05:58 UTC] API: PHPMailer Exception.php carregado com sucesso.
[30-Jan-2026 21:05:58 UTC] API: PHPMailer PHPMailer.php carregado com sucesso.
[30-Jan-2026 21:05:58 UTC] API: PHPMailer SMTP.php carregado com sucesso.
[30-Jan-2026 18:05:58 America/Sao_Paulo] API: config.php carregado com sucesso.
[30-Jan-2026 18:05:58 America/Sao_Paulo] API: Ação recebida: get_member_exclusive_offers
[30-Jan-2026 21:06:30 UTC] API: Script iniciado.
[30-Jan-2026 21:06:30 UTC] API: PHPMailer Exception.php carregado com sucesso.
[30-Jan-2026 21:06:30 UTC] API: PHPMailer PHPMailer.php carregado com sucesso.
[30-Jan-2026 21:06:30 UTC] API: PHPMailer SMTP.php carregado com sucesso.
[30-Jan-2026 18:06:30 America/Sao_Paulo] API: config.php carregado com sucesso.
[30-Jan-2026 18:06:30 America/Sao_Paulo] API: Ação recebida: get_member_exclusive_offers
[30-Jan-2026 21:06:46 UTC] API: Script iniciado.
[30-Jan-2026 21:06:46 UTC] API: PHPMailer Exception.php carregado com sucesso.
[30-Jan-2026 21:06:46 UTC] API: PHPMailer PHPMailer.php carregado com sucesso.
[30-Jan-2026 21:06:46 UTC] API: PHPMailer SMTP.php carregado com sucesso.
[30-Jan-2026 18:06:46 America/Sao_Paulo] API: config.php carregado com sucesso.
[30-Jan-2026 18:06:46 America/Sao_Paulo] API: Ação recebida: get_dashboard_data
[30-Jan-2026 21:54:28 UTC] API: Script iniciado.
[30-Jan-2026 21:54:28 UTC] API: PHPMailer Exception.php carregado com sucesso.
[30-Jan-2026 21:54:28 UTC] API: PHPMailer PHPMailer.php carregado com sucesso.
[30-Jan-2026 21:54:28 UTC] API: PHPMailer SMTP.php carregado com sucesso.
[30-Jan-2026 18:54:28 America/Sao_Paulo] API: config.php carregado com sucesso.
[30-Jan-2026 18:54:28 America/Sao_Paulo] API: Ação recebida: get_dashboard_data
[30-Jan-2026 21:54:50 UTC] API: Script iniciado.
[30-Jan-2026 21:54:50 UTC] API: PHPMailer Exception.php carregado com sucesso.
[30-Jan-2026 21:54:50 UTC] API: PHPMailer PHPMailer.php carregado com sucesso.
[30-Jan-2026 21:54:50 UTC] API: PHPMailer SMTP.php carregado com sucesso.
[30-Jan-2026 18:54:50 America/Sao_Paulo] API: config.php carregado com sucesso.
[30-Jan-2026 18:54:50 America/Sao_Paulo] API: Ação recebida: get_member_exclusive_offers
[30-Jan-2026 21:57:55 UTC] API: Script iniciado.
[30-Jan-2026 21:57:55 UTC] API: PHPMailer Exception.php carregado com sucesso.
[30-Jan-2026 21:57:55 UTC] API: PHPMailer PHPMailer.php carregado com sucesso.
[30-Jan-2026 21:57:55 UTC] API: PHPMailer SMTP.php carregado com sucesso.
[30-Jan-2026 18:57:55 America/Sao_Paulo] API: config.php carregado com sucesso.
[30-Jan-2026 18:57:55 America/Sao_Paulo] API: Ação recebida: get_member_exclusive_offers
[30-Jan-2026 21:57:58 UTC] API: Script iniciado.
[30-Jan-2026 21:57:58 UTC] API: PHPMailer Exception.php carregado com sucesso.
[30-Jan-2026 21:57:58 UTC] API: PHPMailer PHPMailer.php carregado com sucesso.
[30-Jan-2026 21:57:58 UTC] API: PHPMailer SMTP.php carregado com sucesso.
[30-Jan-2026 18:57:58 America/Sao_Paulo] API: config.php carregado com sucesso.
[30-Jan-2026 18:57:58 America/Sao_Paulo] API: Ação recebida: get_member_exclusive_offers
[30-Jan-2026 21:58:01 UTC] API: Script iniciado.
[30-Jan-2026 21:58:01 UTC] API: PHPMailer Exception.php carregado com sucesso.
[30-Jan-2026 21:58:01 UTC] API: PHPMailer PHPMailer.php carregado com sucesso.
[30-Jan-2026 21:58:01 UTC] API: PHPMailer SMTP.php carregado com sucesso.
[30-Jan-2026 18:58:01 America/Sao_Paulo] API: config.php carregado com sucesso.
[30-Jan-2026 18:58:01 America/Sao_Paulo] API: Ação recebida: get_member_exclusive_offers
[30-Jan-2026 21:58:46 UTC] API: Script iniciado.
[30-Jan-2026 21:58:46 UTC] API: PHPMailer Exception.php carregado com sucesso.
[30-Jan-2026 21:58:46 UTC] API: PHPMailer PHPMailer.php carregado com sucesso.
[30-Jan-2026 21:58:46 UTC] API: PHPMailer SMTP.php carregado com sucesso.
[30-Jan-2026 18:58:46 America/Sao_Paulo] API: config.php carregado com sucesso.
[30-Jan-2026 18:58:46 America/Sao_Paulo] API: Ação recebida: get_member_exclusive_offers
[30-Jan-2026 22:45:18 UTC] API: Script iniciado.
[30-Jan-2026 22:45:18 UTC] API: PHPMailer Exception.php carregado com sucesso.
[30-Jan-2026 22:45:18 UTC] API: PHPMailer PHPMailer.php carregado com sucesso.
[30-Jan-2026 22:45:18 UTC] API: PHPMailer SMTP.php carregado com sucesso.
[30-Jan-2026 19:45:18 America/Sao_Paulo] API: config.php carregado com sucesso.
[30-Jan-2026 19:45:18 America/Sao_Paulo] API: Ação recebida: get_member_exclusive_offers
[30-Jan-2026 22:45:53 UTC] API: Script iniciado.
[30-Jan-2026 22:45:53 UTC] API: PHPMailer Exception.php carregado com sucesso.
[30-Jan-2026 22:45:53 UTC] API: PHPMailer PHPMailer.php carregado com sucesso.
[30-Jan-2026 22:45:53 UTC] API: PHPMailer SMTP.php carregado com sucesso.
[30-Jan-2026 19:45:53 America/Sao_Paulo] API: config.php carregado com sucesso.
[30-Jan-2026 19:45:53 America/Sao_Paulo] API: Ação recebida: get_member_exclusive_offers
[30-Jan-2026 22:45:58 UTC] API: Script iniciado.
[30-Jan-2026 22:45:58 UTC] API: PHPMailer Exception.php carregado com sucesso.
[30-Jan-2026 22:45:58 UTC] API: PHPMailer PHPMailer.php carregado com sucesso.
[30-Jan-2026 22:45:58 UTC] API: PHPMailer SMTP.php carregado com sucesso.
[30-Jan-2026 19:45:58 America/Sao_Paulo] API: config.php carregado com sucesso.
[30-Jan-2026 19:45:58 America/Sao_Paulo] API: Ação recebida: get_member_exclusive_offers
[30-Jan-2026 22:46:12 UTC] API: Script iniciado.
[30-Jan-2026 22:46:12 UTC] API: PHPMailer Exception.php carregado com sucesso.
[30-Jan-2026 22:46:12 UTC] API: PHPMailer PHPMailer.php carregado com sucesso.
[30-Jan-2026 22:46:12 UTC] API: PHPMailer SMTP.php carregado com sucesso.
[30-Jan-2026 19:46:12 America/Sao_Paulo] API: config.php carregado com sucesso.
[30-Jan-2026 19:46:12 America/Sao_Paulo] API: Ação recebida: get_dashboard_data
[30-Jan-2026 22:48:54 UTC] API: Script iniciado.
[30-Jan-2026 22:48:54 UTC] API: PHPMailer Exception.php carregado com sucesso.
[30-Jan-2026 22:48:54 UTC] API: PHPMailer PHPMailer.php carregado com sucesso.
[30-Jan-2026 22:48:54 UTC] API: PHPMailer SMTP.php carregado com sucesso.
[30-Jan-2026 19:48:54 America/Sao_Paulo] API: config.php carregado com sucesso.
[30-Jan-2026 19:48:54 America/Sao_Paulo] API: Ação recebida: get_member_exclusive_offers
[30-Jan-2026 22:50:17 UTC] API: Script iniciado.
[30-Jan-2026 22:50:17 UTC] API: PHPMailer Exception.php carregado com sucesso.
[30-Jan-2026 22:50:17 UTC] API: PHPMailer PHPMailer.php carregado com sucesso.
[30-Jan-2026 22:50:17 UTC] API: PHPMailer SMTP.php carregado com sucesso.
[30-Jan-2026 19:50:17 America/Sao_Paulo] API: config.php carregado com sucesso.
[30-Jan-2026 19:50:17 America/Sao_Paulo] API: Ação recebida: get_member_exclusive_offers
[30-Jan-2026 22:50:43 UTC] API: Script iniciado.
[30-Jan-2026 22:50:43 UTC] API: PHPMailer Exception.php carregado com sucesso.
[30-Jan-2026 22:50:43 UTC] API: PHPMailer PHPMailer.php carregado com sucesso.
[30-Jan-2026 22:50:43 UTC] API: PHPMailer SMTP.php carregado com sucesso.
[30-Jan-2026 19:50:43 America/Sao_Paulo] API: config.php carregado com sucesso.
[30-Jan-2026 19:50:43 America/Sao_Paulo] API: Ação recebida: get_member_exclusive_offers
[30-Jan-2026 22:50:50 UTC] API: Script iniciado.
[30-Jan-2026 22:50:50 UTC] API: PHPMailer Exception.php carregado com sucesso.
[30-Jan-2026 22:50:50 UTC] API: PHPMailer PHPMailer.php carregado com sucesso.
[30-Jan-2026 22:50:50 UTC] API: PHPMailer SMTP.php carregado com sucesso.
[30-Jan-2026 19:50:50 America/Sao_Paulo] API: config.php carregado com sucesso.
[30-Jan-2026 19:50:50 America/Sao_Paulo] API: Ação recebida: get_member_exclusive_offers
[30-Jan-2026 22:51:02 UTC] API: Script iniciado.
[30-Jan-2026 22:51:02 UTC] API: PHPMailer Exception.php carregado com sucesso.
[30-Jan-2026 22:51:02 UTC] API: PHPMailer PHPMailer.php carregado com sucesso.
[30-Jan-2026 22:51:02 UTC] API: PHPMailer SMTP.php carregado com sucesso.
[30-Jan-2026 19:51:02 America/Sao_Paulo] API: config.php carregado com sucesso.
[30-Jan-2026 19:51:02 America/Sao_Paulo] API: Ação recebida: get_member_exclusive_offers
[30-Jan-2026 22:54:43 UTC] API: Script iniciado.
[30-Jan-2026 22:54:43 UTC] API: PHPMailer Exception.php carregado com sucesso.
[30-Jan-2026 22:54:43 UTC] API: PHPMailer PHPMailer.php carregado com sucesso.
[30-Jan-2026 22:54:43 UTC] API: PHPMailer SMTP.php carregado com sucesso.
[30-Jan-2026 19:54:43 America/Sao_Paulo] API: config.php carregado com sucesso.
[30-Jan-2026 19:54:43 America/Sao_Paulo] API: Ação recebida: get_member_exclusive_offers
[30-Jan-2026 22:56:41 UTC] API: Script iniciado.
[30-Jan-2026 22:56:41 UTC] API: PHPMailer Exception.php carregado com sucesso.
[30-Jan-2026 22:56:41 UTC] API: PHPMailer PHPMailer.php carregado com sucesso.
[30-Jan-2026 22:56:41 UTC] API: PHPMailer SMTP.php carregado com sucesso.
[30-Jan-2026 19:56:41 America/Sao_Paulo] API: config.php carregado com sucesso.
[30-Jan-2026 19:56:41 America/Sao_Paulo] API: Ação recebida: get_dashboard_data
[30-Jan-2026 22:57:05 UTC] API: Script iniciado.
[30-Jan-2026 22:57:05 UTC] API: PHPMailer Exception.php carregado com sucesso.
[30-Jan-2026 22:57:05 UTC] API: PHPMailer PHPMailer.php carregado com sucesso.
[30-Jan-2026 22:57:05 UTC] API: PHPMailer SMTP.php carregado com sucesso.
[30-Jan-2026 19:57:05 America/Sao_Paulo] API: config.php carregado com sucesso.
[30-Jan-2026 19:57:05 America/Sao_Paulo] API: Ação recebida: get_member_exclusive_offers
[30-Jan-2026 22:57:25 UTC] API: Script iniciado.
[30-Jan-2026 22:57:25 UTC] API: PHPMailer Exception.php carregado com sucesso.
[30-Jan-2026 22:57:25 UTC] API: PHPMailer PHPMailer.php carregado com sucesso.
[30-Jan-2026 22:57:25 UTC] API: PHPMailer SMTP.php carregado com sucesso.
[30-Jan-2026 19:57:25 America/Sao_Paulo] API: config.php carregado com sucesso.
[30-Jan-2026 19:57:25 America/Sao_Paulo] API: Ação recebida: get_dashboard_data
[30-Jan-2026 22:57:59 UTC] API: Script iniciado.
[30-Jan-2026 22:57:59 UTC] API: PHPMailer Exception.php carregado com sucesso.
[30-Jan-2026 22:57:59 UTC] API: PHPMailer PHPMailer.php carregado com sucesso.
[30-Jan-2026 22:57:59 UTC] API: PHPMailer SMTP.php carregado com sucesso.
[30-Jan-2026 19:57:59 America/Sao_Paulo] API: config.php carregado com sucesso.
[30-Jan-2026 19:57:59 America/Sao_Paulo] API: Ação recebida: get_member_exclusive_offers
[31-Jan-2026 01:37:43 UTC] API: Script iniciado.
[31-Jan-2026 01:37:43 UTC] API: PHPMailer Exception.php carregado com sucesso.
[31-Jan-2026 01:37:43 UTC] API: PHPMailer PHPMailer.php carregado com sucesso.
[31-Jan-2026 01:37:43 UTC] API: PHPMailer SMTP.php carregado com sucesso.
[30-Jan-2026 22:37:43 America/Sao_Paulo] API: config.php carregado com sucesso.
[30-Jan-2026 22:37:43 America/Sao_Paulo] API: Ação recebida: get_member_exclusive_offers
[31-Jan-2026 01:46:27 UTC] API: Script iniciado.
[31-Jan-2026 01:46:27 UTC] API: PHPMailer Exception.php carregado com sucesso.
[31-Jan-2026 01:46:27 UTC] API: PHPMailer PHPMailer.php carregado com sucesso.
[31-Jan-2026 01:46:27 UTC] API: PHPMailer SMTP.php carregado com sucesso.
[30-Jan-2026 22:46:27 America/Sao_Paulo] API: config.php carregado com sucesso.
[30-Jan-2026 22:46:27 America/Sao_Paulo] API: Ação recebida: get_dashboard_data
[31-Jan-2026 01:46:52 UTC] API: Script iniciado.
[31-Jan-2026 01:46:52 UTC] API: PHPMailer Exception.php carregado com sucesso.
[31-Jan-2026 01:46:52 UTC] API: PHPMailer PHPMailer.php carregado com sucesso.
[31-Jan-2026 01:46:52 UTC] API: PHPMailer SMTP.php carregado com sucesso.
[30-Jan-2026 22:46:52 America/Sao_Paulo] API: config.php carregado com sucesso.
[30-Jan-2026 22:46:52 America/Sao_Paulo] API: Ação recebida: get_member_exclusive_offers
[31-Jan-2026 01:51:23 UTC] API: Script iniciado.
[31-Jan-2026 01:51:23 UTC] API: PHPMailer Exception.php carregado com sucesso.
[31-Jan-2026 01:51:23 UTC] API: PHPMailer PHPMailer.php carregado com sucesso.
[31-Jan-2026 01:51:23 UTC] API: PHPMailer SMTP.php carregado com sucesso.
[30-Jan-2026 22:51:23 America/Sao_Paulo] API: config.php carregado com sucesso.
[30-Jan-2026 22:51:23 America/Sao_Paulo] API: Ação recebida: get_member_exclusive_offers
[31-Jan-2026 02:27:57 UTC] API: Script iniciado.
[31-Jan-2026 02:27:57 UTC] API: PHPMailer Exception.php carregado com sucesso.
[31-Jan-2026 02:27:57 UTC] API: PHPMailer PHPMailer.php carregado com sucesso.
[31-Jan-2026 02:27:57 UTC] API: PHPMailer SMTP.php carregado com sucesso.
[30-Jan-2026 23:27:57 America/Sao_Paulo] API: config.php carregado com sucesso.
[30-Jan-2026 23:27:57 America/Sao_Paulo] API: Ação recebida: get_dashboard_data
[31-Jan-2026 03:18:40 UTC] API: Script iniciado.
[31-Jan-2026 03:18:40 UTC] API: PHPMailer Exception.php carregado com sucesso.
[31-Jan-2026 03:18:40 UTC] API: PHPMailer PHPMailer.php carregado com sucesso.
[31-Jan-2026 03:18:40 UTC] API: PHPMailer SMTP.php carregado com sucesso.
[31-Jan-2026 00:18:40 America/Sao_Paulo] API: config.php carregado com sucesso.
[31-Jan-2026 00:18:40 America/Sao_Paulo] API: Ação recebida: get_member_exclusive_offers
[31-Jan-2026 03:22:09 UTC] API: Script iniciado.
[31-Jan-2026 03:22:09 UTC] API: PHPMailer Exception.php carregado com sucesso.
[31-Jan-2026 03:22:09 UTC] API: PHPMailer PHPMailer.php carregado com sucesso.
[31-Jan-2026 03:22:09 UTC] API: PHPMailer SMTP.php carregado com sucesso.
[31-Jan-2026 00:22:09 America/Sao_Paulo] API: config.php carregado com sucesso.
[31-Jan-2026 00:22:09 America/Sao_Paulo] API: Ação recebida: get_dashboard_data
[31-Jan-2026 03:22:23 UTC] API: Script iniciado.
[31-Jan-2026 03:22:23 UTC] API: PHPMailer Exception.php carregado com sucesso.
[31-Jan-2026 03:22:23 UTC] API: PHPMailer PHPMailer.php carregado com sucesso.
[31-Jan-2026 03:22:23 UTC] API: PHPMailer SMTP.php carregado com sucesso.
[31-Jan-2026 00:22:23 America/Sao_Paulo] API: config.php carregado com sucesso.
[31-Jan-2026 00:22:23 America/Sao_Paulo] API: Ação recebida: list_clientes
[31-Jan-2026 03:23:01 UTC] API: Script iniciado.
[31-Jan-2026 03:23:01 UTC] API: PHPMailer Exception.php carregado com sucesso.
[31-Jan-2026 03:23:01 UTC] API: PHPMailer PHPMailer.php carregado com sucesso.
[31-Jan-2026 03:23:01 UTC] API: PHPMailer SMTP.php carregado com sucesso.
[31-Jan-2026 00:23:01 America/Sao_Paulo] API: config.php carregado com sucesso.
[31-Jan-2026 00:23:01 America/Sao_Paulo] API: Ação recebida: get_evolution_messages
[31-Jan-2026 03:25:05 UTC] API: Script iniciado.
[31-Jan-2026 03:25:05 UTC] API: PHPMailer Exception.php carregado com sucesso.
[31-Jan-2026 03:25:05 UTC] API: PHPMailer PHPMailer.php carregado com sucesso.
[31-Jan-2026 03:25:05 UTC] API: PHPMailer SMTP.php carregado com sucesso.
[31-Jan-2026 00:25:05 America/Sao_Paulo] API: config.php carregado com sucesso.
[31-Jan-2026 00:25:05 America/Sao_Paulo] API: Ação recebida: get_dashboard_data
[31-Jan-2026 03:25:11 UTC] API: Script iniciado.
[31-Jan-2026 03:25:11 UTC] API: PHPMailer Exception.php carregado com sucesso.
[31-Jan-2026 03:25:11 UTC] API: PHPMailer PHPMailer.php carregado com sucesso.
[31-Jan-2026 03:25:11 UTC] API: PHPMailer SMTP.php carregado com sucesso.
[31-Jan-2026 00:25:11 America/Sao_Paulo] API: config.php carregado com sucesso.
[31-Jan-2026 00:25:11 America/Sao_Paulo] API: Ação recebida: get_vendas
[31-Jan-2026 03:25:13 UTC] API: Script iniciado.
[31-Jan-2026 03:25:13 UTC] API: PHPMailer Exception.php carregado com sucesso.
[31-Jan-2026 03:25:13 UTC] API: PHPMailer PHPMailer.php carregado com sucesso.
[31-Jan-2026 03:25:13 UTC] API: PHPMailer SMTP.php carregado com sucesso.
[31-Jan-2026 00:25:13 America/Sao_Paulo] API: config.php carregado com sucesso.
[31-Jan-2026 00:25:13 America/Sao_Paulo] API: Ação recebida: get_dashboard_data
[31-Jan-2026 03:25:14 UTC] API: Script iniciado.
[31-Jan-2026 03:25:14 UTC] API: PHPMailer Exception.php carregado com sucesso.
[31-Jan-2026 03:25:14 UTC] API: PHPMailer PHPMailer.php carregado com sucesso.
[31-Jan-2026 03:25:14 UTC] API: PHPMailer SMTP.php carregado com sucesso.
[31-Jan-2026 00:25:14 America/Sao_Paulo] API: config.php carregado com sucesso.
[31-Jan-2026 00:25:14 America/Sao_Paulo] API: Ação recebida: get_vendas
[31-Jan-2026 03:25:30 UTC] API: Script iniciado.
[31-Jan-2026 03:25:30 UTC] API: PHPMailer Exception.php carregado com sucesso.
[31-Jan-2026 03:25:30 UTC] API: PHPMailer PHPMailer.php carregado com sucesso.
[31-Jan-2026 03:25:30 UTC] API: PHPMailer SMTP.php carregado com sucesso.
[31-Jan-2026 00:25:30 America/Sao_Paulo] API: config.php carregado com sucesso.
[31-Jan-2026 00:25:30 America/Sao_Paulo] API: Ação recebida: get_vendas
[31-Jan-2026 03:25:32 UTC] API: Script iniciado.
[31-Jan-2026 03:25:32 UTC] API: PHPMailer Exception.php carregado com sucesso.
[31-Jan-2026 03:25:32 UTC] API: PHPMailer PHPMailer.php carregado com sucesso.
[31-Jan-2026 03:25:32 UTC] API: PHPMailer SMTP.php carregado com sucesso.
[31-Jan-2026 00:25:32 America/Sao_Paulo] API: config.php carregado com sucesso.
[31-Jan-2026 00:25:32 America/Sao_Paulo] API: Ação recebida: get_vendas
[31-Jan-2026 03:25:42 UTC] API: Script iniciado.
[31-Jan-2026 03:25:42 UTC] API: PHPMailer Exception.php carregado com sucesso.
[31-Jan-2026 03:25:42 UTC] API: PHPMailer PHPMailer.php carregado com sucesso.
[31-Jan-2026 03:25:42 UTC] API: PHPMailer SMTP.php carregado com sucesso.
[31-Jan-2026 00:25:42 America/Sao_Paulo] API: config.php carregado com sucesso.
[31-Jan-2026 00:25:42 America/Sao_Paulo] API: Ação recebida: get_vendas
[31-Jan-2026 03:25:43 UTC] API: Script iniciado.
[31-Jan-2026 03:25:43 UTC] API: PHPMailer Exception.php carregado com sucesso.
[31-Jan-2026 03:25:43 UTC] API: PHPMailer PHPMailer.php carregado com sucesso.
[31-Jan-2026 03:25:43 UTC] API: PHPMailer SMTP.php carregado com sucesso.
[31-Jan-2026 00:25:43 America/Sao_Paulo] API: config.php carregado com sucesso.
[31-Jan-2026 00:25:43 America/Sao_Paulo] API: Ação recebida: get_vendas
[31-Jan-2026 03:25:44 UTC] API: Script iniciado.
[31-Jan-2026 03:25:44 UTC] API: PHPMailer Exception.php carregado com sucesso.
[31-Jan-2026 03:25:44 UTC] API: PHPMailer PHPMailer.php carregado com sucesso.
[31-Jan-2026 03:25:44 UTC] API: PHPMailer SMTP.php carregado com sucesso.
[31-Jan-2026 00:25:44 America/Sao_Paulo] API: config.php carregado com sucesso.
[31-Jan-2026 00:25:44 America/Sao_Paulo] API: Ação recebida: get_vendas
[31-Jan-2026 03:25:45 UTC] API: Script iniciado.
[31-Jan-2026 03:25:45 UTC] API: PHPMailer Exception.php carregado com sucesso.
[31-Jan-2026 03:25:45 UTC] API: PHPMailer PHPMailer.php carregado com sucesso.
[31-Jan-2026 03:25:45 UTC] API: PHPMailer SMTP.php carregado com sucesso.
[31-Jan-2026 00:25:45 America/Sao_Paulo] API: config.php carregado com sucesso.
[31-Jan-2026 00:25:45 America/Sao_Paulo] API: Ação recebida: get_vendas
[31-Jan-2026 03:25:45 UTC] API: Script iniciado.
[31-Jan-2026 03:25:45 UTC] API: PHPMailer Exception.php carregado com sucesso.
[31-Jan-2026 03:25:45 UTC] API: PHPMailer PHPMailer.php carregado com sucesso.
[31-Jan-2026 03:25:45 UTC] API: PHPMailer SMTP.php carregado com sucesso.
[31-Jan-2026 00:25:45 America/Sao_Paulo] API: config.php carregado com sucesso.
[31-Jan-2026 00:25:45 America/Sao_Paulo] API: Ação recebida: get_vendas
[31-Jan-2026 03:25:46 UTC] API: Script iniciado.
[31-Jan-2026 03:25:46 UTC] API: PHPMailer Exception.php carregado com sucesso.
[31-Jan-2026 03:25:46 UTC] API: PHPMailer PHPMailer.php carregado com sucesso.
[31-Jan-2026 03:25:46 UTC] API: PHPMailer SMTP.php carregado com sucesso.
[31-Jan-2026 00:25:46 America/Sao_Paulo] API: config.php carregado com sucesso.
[31-Jan-2026 00:25:46 America/Sao_Paulo] API: Ação recebida: get_vendas
[31-Jan-2026 03:25:49 UTC] API: Script iniciado.
[31-Jan-2026 03:25:49 UTC] API: PHPMailer Exception.php carregado com sucesso.
[31-Jan-2026 03:25:49 UTC] API: PHPMailer PHPMailer.php carregado com sucesso.
[31-Jan-2026 03:25:49 UTC] API: PHPMailer SMTP.php carregado com sucesso.
[31-Jan-2026 00:25:49 America/Sao_Paulo] API: config.php carregado com sucesso.
[31-Jan-2026 00:25:49 America/Sao_Paulo] API: Ação recebida: get_vendas
[31-Jan-2026 03:25:51 UTC] API: Script iniciado.
[31-Jan-2026 03:25:51 UTC] API: PHPMailer Exception.php carregado com sucesso.
[31-Jan-2026 03:25:51 UTC] API: PHPMailer PHPMailer.php carregado com sucesso.
[31-Jan-2026 03:25:51 UTC] API: PHPMailer SMTP.php carregado com sucesso.
[31-Jan-2026 00:25:51 America/Sao_Paulo] API: config.php carregado com sucesso.
[31-Jan-2026 00:25:51 America/Sao_Paulo] API: Ação recebida: get_vendas
[31-Jan-2026 03:26:05 UTC] API: Script iniciado.
[31-Jan-2026 03:26:05 UTC] API: PHPMailer Exception.php carregado com sucesso.
[31-Jan-2026 03:26:05 UTC] API: PHPMailer PHPMailer.php carregado com sucesso.
[31-Jan-2026 03:26:05 UTC] API: PHPMailer SMTP.php carregado com sucesso.
[31-Jan-2026 00:26:05 America/Sao_Paulo] API: config.php carregado com sucesso.
[31-Jan-2026 00:26:05 America/Sao_Paulo] API: Ação recebida: get_dashboard_data
[31-Jan-2026 03:26:10 UTC] API: Script iniciado.
[31-Jan-2026 03:26:10 UTC] API: PHPMailer Exception.php carregado com sucesso.
[31-Jan-2026 03:26:10 UTC] API: PHPMailer PHPMailer.php carregado com sucesso.
[31-Jan-2026 03:26:10 UTC] API: PHPMailer SMTP.php carregado com sucesso.
[31-Jan-2026 00:26:10 America/Sao_Paulo] API: config.php carregado com sucesso.
[31-Jan-2026 00:26:10 America/Sao_Paulo] API: Ação recebida: get_dashboard_data
[31-Jan-2026 03:26:11 UTC] API: Script iniciado.
[31-Jan-2026 03:26:11 UTC] API: PHPMailer Exception.php carregado com sucesso.
[31-Jan-2026 03:26:11 UTC] API: PHPMailer PHPMailer.php carregado com sucesso.
[31-Jan-2026 03:26:11 UTC] API: PHPMailer SMTP.php carregado com sucesso.
[31-Jan-2026 00:26:11 America/Sao_Paulo] API: config.php carregado com sucesso.
[31-Jan-2026 00:26:11 America/Sao_Paulo] API: Ação recebida: get_vendas
[31-Jan-2026 03:31:39 UTC] API: Script iniciado.
[31-Jan-2026 03:31:39 UTC] API: PHPMailer Exception.php carregado com sucesso.
[31-Jan-2026 03:31:39 UTC] API: PHPMailer PHPMailer.php carregado com sucesso.
[31-Jan-2026 03:31:39 UTC] API: PHPMailer SMTP.php carregado com sucesso.
[31-Jan-2026 00:31:39 America/Sao_Paulo] API: config.php carregado com sucesso.
[31-Jan-2026 00:31:39 America/Sao_Paulo] API: Ação recebida: get_member_exclusive_offers
[31-Jan-2026 03:37:04 UTC] API: Script iniciado.
[31-Jan-2026 03:37:04 UTC] API: PHPMailer Exception.php carregado com sucesso.
[31-Jan-2026 03:37:04 UTC] API: PHPMailer PHPMailer.php carregado com sucesso.
[31-Jan-2026 03:37:04 UTC] API: PHPMailer SMTP.php carregado com sucesso.
[31-Jan-2026 00:37:04 America/Sao_Paulo] API: config.php carregado com sucesso.
[31-Jan-2026 00:37:04 America/Sao_Paulo] API: Ação recebida: get_dashboard_data
[31-Jan-2026 03:42:48 UTC] API: Script iniciado.
[31-Jan-2026 03:42:48 UTC] API: PHPMailer Exception.php carregado com sucesso.
[31-Jan-2026 03:42:48 UTC] API: PHPMailer PHPMailer.php carregado com sucesso.
[31-Jan-2026 03:42:48 UTC] API: PHPMailer SMTP.php carregado com sucesso.
[31-Jan-2026 00:42:48 America/Sao_Paulo] API: config.php carregado com sucesso.
[31-Jan-2026 00:42:48 America/Sao_Paulo] API: Ação recebida: get_dashboard_data
[31-Jan-2026 03:42:52 UTC] API: Script iniciado.
[31-Jan-2026 03:42:52 UTC] API: PHPMailer Exception.php carregado com sucesso.
[31-Jan-2026 03:42:52 UTC] API: PHPMailer PHPMailer.php carregado com sucesso.
[31-Jan-2026 03:42:52 UTC] API: PHPMailer SMTP.php carregado com sucesso.
[31-Jan-2026 00:42:52 America/Sao_Paulo] API: config.php carregado com sucesso.
[31-Jan-2026 00:42:52 America/Sao_Paulo] API: Ação recebida: get_dashboard_data
[31-Jan-2026 03:54:37 UTC] API: Script iniciado.
[31-Jan-2026 03:54:37 UTC] API: PHPMailer Exception.php carregado com sucesso.
[31-Jan-2026 03:54:37 UTC] API: PHPMailer PHPMailer.php carregado com sucesso.
[31-Jan-2026 03:54:37 UTC] API: PHPMailer SMTP.php carregado com sucesso.
[31-Jan-2026 00:54:37 America/Sao_Paulo] API: config.php carregado com sucesso.
[31-Jan-2026 00:54:37 America/Sao_Paulo] API: Ação recebida: get_dashboard_data
[31-Jan-2026 03:55:50 UTC] API: Script iniciado.
[31-Jan-2026 03:55:50 UTC] API: PHPMailer Exception.php carregado com sucesso.
[31-Jan-2026 03:55:50 UTC] API: PHPMailer PHPMailer.php carregado com sucesso.
[31-Jan-2026 03:55:50 UTC] API: PHPMailer SMTP.php carregado com sucesso.
[31-Jan-2026 00:55:50 America/Sao_Paulo] API: config.php carregado com sucesso.
[31-Jan-2026 00:55:50 America/Sao_Paulo] API: Ação recebida: get_dashboard_data
[31-Jan-2026 10:08:14 UTC] API: Script iniciado.
[31-Jan-2026 10:08:14 UTC] API: PHPMailer Exception.php carregado com sucesso.
[31-Jan-2026 10:08:14 UTC] API: PHPMailer PHPMailer.php carregado com sucesso.
[31-Jan-2026 10:08:14 UTC] API: PHPMailer SMTP.php carregado com sucesso.
[31-Jan-2026 07:08:14 America/Sao_Paulo] API: config.php carregado com sucesso.
[31-Jan-2026 07:08:14 America/Sao_Paulo] API: Ação recebida: get_dashboard_data
[31-Jan-2026 10:08:33 UTC] API: Script iniciado.
[31-Jan-2026 10:08:33 UTC] API: PHPMailer Exception.php carregado com sucesso.
[31-Jan-2026 10:08:33 UTC] API: PHPMailer PHPMailer.php carregado com sucesso.
[31-Jan-2026 10:08:33 UTC] API: PHPMailer SMTP.php carregado com sucesso.
[31-Jan-2026 07:08:33 America/Sao_Paulo] API: config.php carregado com sucesso.
[31-Jan-2026 07:08:33 America/Sao_Paulo] API: Ação recebida: get_dashboard_data
[31-Jan-2026 10:08:42 UTC] API: Script iniciado.
[31-Jan-2026 10:08:42 UTC] API: PHPMailer Exception.php carregado com sucesso.
[31-Jan-2026 10:08:42 UTC] API: PHPMailer PHPMailer.php carregado com sucesso.
[31-Jan-2026 10:08:42 UTC] API: PHPMailer SMTP.php carregado com sucesso.
[31-Jan-2026 07:08:42 America/Sao_Paulo] API: config.php carregado com sucesso.
[31-Jan-2026 07:08:42 America/Sao_Paulo] API: Ação recebida: get_vendas
[31-Jan-2026 10:09:03 UTC] API: Script iniciado.
[31-Jan-2026 10:09:03 UTC] API: PHPMailer Exception.php carregado com sucesso.
[31-Jan-2026 10:09:03 UTC] API: PHPMailer PHPMailer.php carregado com sucesso.
[31-Jan-2026 10:09:03 UTC] API: PHPMailer SMTP.php carregado com sucesso.
[31-Jan-2026 07:09:03 America/Sao_Paulo] API: config.php carregado com sucesso.
[31-Jan-2026 07:09:03 America/Sao_Paulo] API: Ação recebida: get_dashboard_data
[31-Jan-2026 10:09:05 UTC] API: Script iniciado.
[31-Jan-2026 10:09:05 UTC] API: PHPMailer Exception.php carregado com sucesso.
[31-Jan-2026 10:09:05 UTC] API: PHPMailer PHPMailer.php carregado com sucesso.
[31-Jan-2026 10:09:05 UTC] API: PHPMailer SMTP.php carregado com sucesso.
[31-Jan-2026 07:09:05 America/Sao_Paulo] API: config.php carregado com sucesso.
[31-Jan-2026 07:09:05 America/Sao_Paulo] API: Ação recebida: get_dashboard_data
[31-Jan-2026 10:09:08 UTC] API: Script iniciado.
[31-Jan-2026 10:09:08 UTC] API: PHPMailer Exception.php carregado com sucesso.
[31-Jan-2026 10:09:08 UTC] API: PHPMailer PHPMailer.php carregado com sucesso.
[31-Jan-2026 10:09:08 UTC] API: PHPMailer SMTP.php carregado com sucesso.
[31-Jan-2026 07:09:08 America/Sao_Paulo] API: config.php carregado com sucesso.
[31-Jan-2026 07:09:08 America/Sao_Paulo] API: Ação recebida: get_vendas
[31-Jan-2026 11:22:49 UTC] API: Script iniciado.
[31-Jan-2026 11:22:49 UTC] API: PHPMailer Exception.php carregado com sucesso.
[31-Jan-2026 11:22:49 UTC] API: PHPMailer PHPMailer.php carregado com sucesso.
[31-Jan-2026 11:22:49 UTC] API: PHPMailer SMTP.php carregado com sucesso.
[31-Jan-2026 08:22:49 America/Sao_Paulo] API: config.php carregado com sucesso.
[31-Jan-2026 08:22:49 America/Sao_Paulo] API: Ação recebida: get_vendas
[31-Jan-2026 11:23:04 UTC] API: Script iniciado.
[31-Jan-2026 11:23:04 UTC] API: PHPMailer Exception.php carregado com sucesso.
[31-Jan-2026 11:23:04 UTC] API: PHPMailer PHPMailer.php carregado com sucesso.
[31-Jan-2026 11:23:04 UTC] API: PHPMailer SMTP.php carregado com sucesso.
[31-Jan-2026 08:23:04 America/Sao_Paulo] API: config.php carregado com sucesso.
[31-Jan-2026 08:23:04 America/Sao_Paulo] API: Ação recebida: get_dashboard_data
[31-Jan-2026 11:23:13 UTC] API: Script iniciado.
[31-Jan-2026 11:23:13 UTC] API: PHPMailer Exception.php carregado com sucesso.
[31-Jan-2026 11:23:13 UTC] API: PHPMailer PHPMailer.php carregado com sucesso.
[31-Jan-2026 11:23:13 UTC] API: PHPMailer SMTP.php carregado com sucesso.
[31-Jan-2026 08:23:13 America/Sao_Paulo] API: config.php carregado com sucesso.
[31-Jan-2026 08:23:13 America/Sao_Paulo] API: Ação recebida: get_vendas
[31-Jan-2026 14:06:27 UTC] API: Script iniciado.
[31-Jan-2026 14:06:27 UTC] API: PHPMailer Exception.php carregado com sucesso.
[31-Jan-2026 14:06:27 UTC] API: PHPMailer PHPMailer.php carregado com sucesso.
[31-Jan-2026 14:06:27 UTC] API: PHPMailer SMTP.php carregado com sucesso.
[31-Jan-2026 11:06:27 America/Sao_Paulo] API: config.php carregado com sucesso.
[31-Jan-2026 11:06:27 America/Sao_Paulo] API: Ação recebida: get_dashboard_data
[31-Jan-2026 14:16:42 UTC] API: Script iniciado.
[31-Jan-2026 14:16:42 UTC] API: PHPMailer Exception.php carregado com sucesso.
[31-Jan-2026 14:16:42 UTC] API: PHPMailer PHPMailer.php carregado com sucesso.
[31-Jan-2026 14:16:42 UTC] API: PHPMailer SMTP.php carregado com sucesso.
[31-Jan-2026 11:16:42 America/Sao_Paulo] API: config.php carregado com sucesso.
[31-Jan-2026 11:16:42 America/Sao_Paulo] API: Ação recebida: get_dashboard_data
[01-Feb-2026 02:41:22 UTC] API: Script iniciado.
[01-Feb-2026 02:41:22 UTC] API: PHPMailer Exception.php carregado com sucesso.
[01-Feb-2026 02:41:22 UTC] API: PHPMailer PHPMailer.php carregado com sucesso.
[01-Feb-2026 02:41:22 UTC] API: PHPMailer SMTP.php carregado com sucesso.
[31-Jan-2026 23:41:22 America/Sao_Paulo] API: config.php carregado com sucesso.
[31-Jan-2026 23:41:22 America/Sao_Paulo] API: Ação recebida: get_member_exclusive_offers
[01-Feb-2026 02:47:35 UTC] API: Script iniciado.
[01-Feb-2026 02:47:35 UTC] API: PHPMailer Exception.php carregado com sucesso.
[01-Feb-2026 02:47:35 UTC] API: PHPMailer PHPMailer.php carregado com sucesso.
[01-Feb-2026 02:47:35 UTC] API: PHPMailer SMTP.php carregado com sucesso.
[31-Jan-2026 23:47:35 America/Sao_Paulo] API: config.php carregado com sucesso.
[31-Jan-2026 23:47:35 America/Sao_Paulo] API: Ação recebida: get_dashboard_data
[01-Feb-2026 02:47:45 UTC] API: Script iniciado.
[01-Feb-2026 02:47:45 UTC] API: PHPMailer Exception.php carregado com sucesso.
[01-Feb-2026 02:47:45 UTC] API: PHPMailer PHPMailer.php carregado com sucesso.
[01-Feb-2026 02:47:45 UTC] API: PHPMailer SMTP.php carregado com sucesso.
[31-Jan-2026 23:47:45 America/Sao_Paulo] API: config.php carregado com sucesso.
[31-Jan-2026 23:47:45 America/Sao_Paulo] API: Ação recebida: get_member_exclusive_offers
[01-Feb-2026 02:48:58 UTC] API: Script iniciado.
[01-Feb-2026 02:48:58 UTC] API: PHPMailer Exception.php carregado com sucesso.
[01-Feb-2026 02:48:58 UTC] API: PHPMailer PHPMailer.php carregado com sucesso.
[01-Feb-2026 02:48:58 UTC] API: PHPMailer SMTP.php carregado com sucesso.
[31-Jan-2026 23:48:58 America/Sao_Paulo] API: config.php carregado com sucesso.
[31-Jan-2026 23:48:58 America/Sao_Paulo] API: Ação recebida: get_member_exclusive_offers
[01-Feb-2026 02:49:04 UTC] API: Script iniciado.
[01-Feb-2026 02:49:04 UTC] API: PHPMailer Exception.php carregado com sucesso.
[01-Feb-2026 02:49:04 UTC] API: PHPMailer PHPMailer.php carregado com sucesso.
[01-Feb-2026 02:49:04 UTC] API: PHPMailer SMTP.php carregado com sucesso.
[31-Jan-2026 23:49:04 America/Sao_Paulo] API: config.php carregado com sucesso.
[31-Jan-2026 23:49:04 America/Sao_Paulo] API: Ação recebida: get_member_exclusive_offers
[01-Feb-2026 02:49:47 UTC] API: Script iniciado.
[01-Feb-2026 02:49:47 UTC] API: PHPMailer Exception.php carregado com sucesso.
[01-Feb-2026 02:49:47 UTC] API: PHPMailer PHPMailer.php carregado com sucesso.
[01-Feb-2026 02:49:47 UTC] API: PHPMailer SMTP.php carregado com sucesso.
[31-Jan-2026 23:49:47 America/Sao_Paulo] API: config.php carregado com sucesso.
[31-Jan-2026 23:49:47 America/Sao_Paulo] API: Ação recebida: get_member_exclusive_offers
[01-Feb-2026 02:49:54 UTC] API: Script iniciado.
[01-Feb-2026 02:49:54 UTC] API: PHPMailer Exception.php carregado com sucesso.
[01-Feb-2026 02:49:54 UTC] API: PHPMailer PHPMailer.php carregado com sucesso.
[01-Feb-2026 02:49:54 UTC] API: PHPMailer SMTP.php carregado com sucesso.
[31-Jan-2026 23:49:54 America/Sao_Paulo] API: config.php carregado com sucesso.
[31-Jan-2026 23:49:54 America/Sao_Paulo] API: Ação recebida: get_member_exclusive_offers
[01-Feb-2026 02:50:00 UTC] API: Script iniciado.
[01-Feb-2026 02:50:00 UTC] API: PHPMailer Exception.php carregado com sucesso.
[01-Feb-2026 02:50:00 UTC] API: PHPMailer PHPMailer.php carregado com sucesso.
[01-Feb-2026 02:50:00 UTC] API: PHPMailer SMTP.php carregado com sucesso.
[31-Jan-2026 23:50:00 America/Sao_Paulo] API: config.php carregado com sucesso.
[31-Jan-2026 23:50:00 America/Sao_Paulo] API: Ação recebida: get_member_exclusive_offers
[01-Feb-2026 02:50:49 UTC] API: Script iniciado.
[01-Feb-2026 02:50:49 UTC] API: PHPMailer Exception.php carregado com sucesso.
[01-Feb-2026 02:50:49 UTC] API: PHPMailer PHPMailer.php carregado com sucesso.
[01-Feb-2026 02:50:49 UTC] API: PHPMailer SMTP.php carregado com sucesso.
[31-Jan-2026 23:50:49 America/Sao_Paulo] API: config.php carregado com sucesso.
[31-Jan-2026 23:50:49 America/Sao_Paulo] API: Ação recebida: get_member_exclusive_offers
[01-Feb-2026 02:55:59 UTC] API: Script iniciado.
[01-Feb-2026 02:55:59 UTC] API: PHPMailer Exception.php carregado com sucesso.
[01-Feb-2026 02:55:59 UTC] API: PHPMailer PHPMailer.php carregado com sucesso.
[01-Feb-2026 02:55:59 UTC] API: PHPMailer SMTP.php carregado com sucesso.
[31-Jan-2026 23:55:59 America/Sao_Paulo] API: config.php carregado com sucesso.
[31-Jan-2026 23:55:59 America/Sao_Paulo] API: Ação recebida: get_member_exclusive_offers
[01-Feb-2026 03:01:45 UTC] API: Script iniciado.
[01-Feb-2026 03:01:45 UTC] API: PHPMailer Exception.php carregado com sucesso.
[01-Feb-2026 03:01:45 UTC] API: PHPMailer PHPMailer.php carregado com sucesso.
[01-Feb-2026 03:01:45 UTC] API: PHPMailer SMTP.php carregado com sucesso.
[01-Feb-2026 00:01:45 America/Sao_Paulo] API: config.php carregado com sucesso.
[01-Feb-2026 00:01:45 America/Sao_Paulo] API: Ação recebida: get_member_exclusive_offers
[01-Feb-2026 03:02:15 UTC] API: Script iniciado.
[01-Feb-2026 03:02:15 UTC] API: PHPMailer Exception.php carregado com sucesso.
[01-Feb-2026 03:02:15 UTC] API: PHPMailer PHPMailer.php carregado com sucesso.
[01-Feb-2026 03:02:15 UTC] API: PHPMailer SMTP.php carregado com sucesso.
[01-Feb-2026 00:02:15 America/Sao_Paulo] API: config.php carregado com sucesso.
[01-Feb-2026 00:02:15 America/Sao_Paulo] API: Ação recebida: get_member_exclusive_offers
[01-Feb-2026 03:02:59 UTC] API: Script iniciado.
[01-Feb-2026 03:02:59 UTC] API: PHPMailer Exception.php carregado com sucesso.
[01-Feb-2026 03:02:59 UTC] API: PHPMailer PHPMailer.php carregado com sucesso.
[01-Feb-2026 03:02:59 UTC] API: PHPMailer SMTP.php carregado com sucesso.
[01-Feb-2026 00:02:59 America/Sao_Paulo] API: config.php carregado com sucesso.
[01-Feb-2026 00:02:59 America/Sao_Paulo] API: Ação recebida: get_member_exclusive_offers
[01-Feb-2026 03:03:17 UTC] API: Script iniciado.
[01-Feb-2026 03:03:17 UTC] API: PHPMailer Exception.php carregado com sucesso.
[01-Feb-2026 03:03:17 UTC] API: PHPMailer PHPMailer.php carregado com sucesso.
[01-Feb-2026 03:03:17 UTC] API: PHPMailer SMTP.php carregado com sucesso.
[01-Feb-2026 00:03:17 America/Sao_Paulo] API: config.php carregado com sucesso.
[01-Feb-2026 00:03:17 America/Sao_Paulo] API: Ação recebida: get_member_exclusive_offers
[01-Feb-2026 03:03:28 UTC] API: Script iniciado.
[01-Feb-2026 03:03:28 UTC] API: PHPMailer Exception.php carregado com sucesso.
[01-Feb-2026 03:03:28 UTC] API: PHPMailer PHPMailer.php carregado com sucesso.
[01-Feb-2026 03:03:28 UTC] API: PHPMailer SMTP.php carregado com sucesso.
[01-Feb-2026 00:03:28 America/Sao_Paulo] API: config.php carregado com sucesso.
[01-Feb-2026 00:03:28 America/Sao_Paulo] API: Ação recebida: get_member_exclusive_offers
[01-Feb-2026 03:47:47 UTC] API: Script iniciado.
[01-Feb-2026 03:47:47 UTC] API: PHPMailer Exception.php carregado com sucesso.
[01-Feb-2026 03:47:47 UTC] API: PHPMailer PHPMailer.php carregado com sucesso.
[01-Feb-2026 03:47:47 UTC] API: PHPMailer SMTP.php carregado com sucesso.
[01-Feb-2026 00:47:47 America/Sao_Paulo] API: config.php carregado com sucesso.
[01-Feb-2026 00:47:47 America/Sao_Paulo] API: Ação recebida: get_member_exclusive_offers
[01-Feb-2026 03:47:53 UTC] API: Script iniciado.
[01-Feb-2026 03:47:53 UTC] API: PHPMailer Exception.php carregado com sucesso.
[01-Feb-2026 03:47:53 UTC] API: PHPMailer PHPMailer.php carregado com sucesso.
[01-Feb-2026 03:47:53 UTC] API: PHPMailer SMTP.php carregado com sucesso.
[01-Feb-2026 00:47:53 America/Sao_Paulo] API: config.php carregado com sucesso.
[01-Feb-2026 00:47:53 America/Sao_Paulo] API: Ação recebida: get_member_exclusive_offers
[01-Feb-2026 03:48:08 UTC] API: Script iniciado.
[01-Feb-2026 03:48:08 UTC] API: PHPMailer Exception.php carregado com sucesso.
[01-Feb-2026 03:48:08 UTC] API: PHPMailer PHPMailer.php carregado com sucesso.
[01-Feb-2026 03:48:08 UTC] API: PHPMailer SMTP.php carregado com sucesso.
[01-Feb-2026 00:48:08 America/Sao_Paulo] API: config.php carregado com sucesso.
[01-Feb-2026 00:48:08 America/Sao_Paulo] API: Ação recebida: get_dashboard_data
[01-Feb-2026 03:48:10 UTC] API: Script iniciado.
[01-Feb-2026 03:48:10 UTC] API: PHPMailer Exception.php carregado com sucesso.
[01-Feb-2026 03:48:10 UTC] API: PHPMailer PHPMailer.php carregado com sucesso.
[01-Feb-2026 03:48:10 UTC] API: PHPMailer SMTP.php carregado com sucesso.
[01-Feb-2026 00:48:10 America/Sao_Paulo] API: config.php carregado com sucesso.
[01-Feb-2026 00:48:10 America/Sao_Paulo] API: Ação recebida: get_vendas
[01-Feb-2026 03:48:55 UTC] API: Script iniciado.
[01-Feb-2026 03:48:55 UTC] API: PHPMailer Exception.php carregado com sucesso.
[01-Feb-2026 03:48:55 UTC] API: PHPMailer PHPMailer.php carregado com sucesso.
[01-Feb-2026 03:48:55 UTC] API: PHPMailer SMTP.php carregado com sucesso.
[01-Feb-2026 00:48:55 America/Sao_Paulo] API: config.php carregado com sucesso.
[01-Feb-2026 00:48:55 America/Sao_Paulo] API: Ação recebida: get_dashboard_data
[01-Feb-2026 03:49:40 UTC] API: Script iniciado.
[01-Feb-2026 03:49:40 UTC] API: PHPMailer Exception.php carregado com sucesso.
[01-Feb-2026 03:49:40 UTC] API: PHPMailer PHPMailer.php carregado com sucesso.
[01-Feb-2026 03:49:40 UTC] API: PHPMailer SMTP.php carregado com sucesso.
[01-Feb-2026 00:49:40 America/Sao_Paulo] API: config.php carregado com sucesso.
[01-Feb-2026 00:49:40 America/Sao_Paulo] API: Ação recebida: get_member_exclusive_offers
[01-Feb-2026 03:54:13 UTC] API: Script iniciado.
[01-Feb-2026 03:54:13 UTC] API: PHPMailer Exception.php carregado com sucesso.
[01-Feb-2026 03:54:13 UTC] API: PHPMailer PHPMailer.php carregado com sucesso.
[01-Feb-2026 03:54:13 UTC] API: PHPMailer SMTP.php carregado com sucesso.
[01-Feb-2026 00:54:13 America/Sao_Paulo] API: config.php carregado com sucesso.
[01-Feb-2026 00:54:13 America/Sao_Paulo] API: Ação recebida: get_member_exclusive_offers
[01-Feb-2026 03:56:07 UTC] API: Script iniciado.
[01-Feb-2026 03:56:07 UTC] API: PHPMailer Exception.php carregado com sucesso.
[01-Feb-2026 03:56:07 UTC] API: PHPMailer PHPMailer.php carregado com sucesso.
[01-Feb-2026 03:56:07 UTC] API: PHPMailer SMTP.php carregado com sucesso.
[01-Feb-2026 00:56:07 America/Sao_Paulo] API: config.php carregado com sucesso.
[01-Feb-2026 00:56:07 America/Sao_Paulo] API: Ação recebida: get_member_exclusive_offers
[01-Feb-2026 03:56:33 UTC] API: Script iniciado.
[01-Feb-2026 03:56:33 UTC] API: PHPMailer Exception.php carregado com sucesso.
[01-Feb-2026 03:56:33 UTC] API: PHPMailer PHPMailer.php carregado com sucesso.
[01-Feb-2026 03:56:33 UTC] API: PHPMailer SMTP.php carregado com sucesso.
[01-Feb-2026 00:56:33 America/Sao_Paulo] API: config.php carregado com sucesso.
[01-Feb-2026 00:56:33 America/Sao_Paulo] API: Ação recebida: get_dashboard_data
[01-Feb-2026 03:58:18 UTC] API: Script iniciado.
[01-Feb-2026 03:58:18 UTC] API: PHPMailer Exception.php carregado com sucesso.
[01-Feb-2026 03:58:18 UTC] API: PHPMailer PHPMailer.php carregado com sucesso.
[01-Feb-2026 03:58:18 UTC] API: PHPMailer SMTP.php carregado com sucesso.
[01-Feb-2026 00:58:18 America/Sao_Paulo] API: config.php carregado com sucesso.
[01-Feb-2026 00:58:18 America/Sao_Paulo] API: Ação recebida: get_member_exclusive_offers
[01-Feb-2026 03:59:27 UTC] API: Script iniciado.
[01-Feb-2026 03:59:27 UTC] API: PHPMailer Exception.php carregado com sucesso.
[01-Feb-2026 03:59:27 UTC] API: PHPMailer PHPMailer.php carregado com sucesso.
[01-Feb-2026 03:59:27 UTC] API: PHPMailer SMTP.php carregado com sucesso.
[01-Feb-2026 00:59:27 America/Sao_Paulo] API: config.php carregado com sucesso.
[01-Feb-2026 00:59:27 America/Sao_Paulo] API: Ação recebida: get_member_exclusive_offers
[01-Feb-2026 04:01:31 UTC] API: Script iniciado.
[01-Feb-2026 04:01:31 UTC] API: PHPMailer Exception.php carregado com sucesso.
[01-Feb-2026 04:01:31 UTC] API: PHPMailer PHPMailer.php carregado com sucesso.
[01-Feb-2026 04:01:31 UTC] API: PHPMailer SMTP.php carregado com sucesso.
[01-Feb-2026 01:01:31 America/Sao_Paulo] API: config.php carregado com sucesso.
[01-Feb-2026 01:01:31 America/Sao_Paulo] API: Ação recebida: get_member_exclusive_offers
[01-Feb-2026 04:01:48 UTC] API: Script iniciado.
[01-Feb-2026 04:01:48 UTC] API: PHPMailer Exception.php carregado com sucesso.
[01-Feb-2026 04:01:48 UTC] API: PHPMailer PHPMailer.php carregado com sucesso.
[01-Feb-2026 04:01:48 UTC] API: PHPMailer SMTP.php carregado com sucesso.
[01-Feb-2026 01:01:48 America/Sao_Paulo] API: config.php carregado com sucesso.
[01-Feb-2026 01:01:48 America/Sao_Paulo] API: Ação recebida: get_member_exclusive_offers
[01-Feb-2026 04:01:59 UTC] API: Script iniciado.
[01-Feb-2026 04:01:59 UTC] API: PHPMailer Exception.php carregado com sucesso.
[01-Feb-2026 04:01:59 UTC] API: PHPMailer PHPMailer.php carregado com sucesso.
[01-Feb-2026 04:01:59 UTC] API: PHPMailer SMTP.php carregado com sucesso.
[01-Feb-2026 01:01:59 America/Sao_Paulo] API: config.php carregado com sucesso.
[01-Feb-2026 01:01:59 America/Sao_Paulo] API: Ação recebida: get_dashboard_data
[01-Feb-2026 04:02:46 UTC] API: Script iniciado.
[01-Feb-2026 04:02:46 UTC] API: PHPMailer Exception.php carregado com sucesso.
[01-Feb-2026 04:02:46 UTC] API: PHPMailer PHPMailer.php carregado com sucesso.
[01-Feb-2026 04:02:46 UTC] API: PHPMailer SMTP.php carregado com sucesso.
[01-Feb-2026 01:02:46 America/Sao_Paulo] API: config.php carregado com sucesso.
[01-Feb-2026 01:02:46 America/Sao_Paulo] API: Ação recebida: get_member_exclusive_offers
[01-Feb-2026 04:05:36 UTC] API: Script iniciado.
[01-Feb-2026 04:05:36 UTC] API: PHPMailer Exception.php carregado com sucesso.
[01-Feb-2026 04:05:36 UTC] API: PHPMailer PHPMailer.php carregado com sucesso.
[01-Feb-2026 04:05:36 UTC] API: PHPMailer SMTP.php carregado com sucesso.
[01-Feb-2026 01:05:36 America/Sao_Paulo] API: config.php carregado com sucesso.
[01-Feb-2026 01:05:36 America/Sao_Paulo] API: Ação recebida: get_member_exclusive_offers
[01-Feb-2026 04:05:51 UTC] API: Script iniciado.
[01-Feb-2026 04:05:51 UTC] API: PHPMailer Exception.php carregado com sucesso.
[01-Feb-2026 04:05:51 UTC] API: PHPMailer PHPMailer.php carregado com sucesso.
[01-Feb-2026 04:05:51 UTC] API: PHPMailer SMTP.php carregado com sucesso.
[01-Feb-2026 01:05:51 America/Sao_Paulo] API: config.php carregado com sucesso.
[01-Feb-2026 01:05:51 America/Sao_Paulo] API: Ação recebida: get_dashboard_data
[01-Feb-2026 04:06:00 UTC] API: Script iniciado.
[01-Feb-2026 04:06:00 UTC] API: PHPMailer Exception.php carregado com sucesso.
[01-Feb-2026 04:06:00 UTC] API: PHPMailer PHPMailer.php carregado com sucesso.
[01-Feb-2026 04:06:00 UTC] API: PHPMailer SMTP.php carregado com sucesso.
[01-Feb-2026 01:06:00 America/Sao_Paulo] API: config.php carregado com sucesso.
[01-Feb-2026 01:06:00 America/Sao_Paulo] API: Ação recebida: salvar_ordem_produtos
[01-Feb-2026 04:06:03 UTC] API: Script iniciado.
[01-Feb-2026 04:06:03 UTC] API: PHPMailer Exception.php carregado com sucesso.
[01-Feb-2026 04:06:03 UTC] API: PHPMailer PHPMailer.php carregado com sucesso.
[01-Feb-2026 04:06:03 UTC] API: PHPMailer SMTP.php carregado com sucesso.
[01-Feb-2026 01:06:03 America/Sao_Paulo] API: config.php carregado com sucesso.
[01-Feb-2026 01:06:03 America/Sao_Paulo] API: Ação recebida: salvar_ordem_produtos
[01-Feb-2026 11:39:04 UTC] API: Script iniciado.
[01-Feb-2026 11:39:04 UTC] API: PHPMailer Exception.php carregado com sucesso.
[01-Feb-2026 11:39:04 UTC] API: PHPMailer PHPMailer.php carregado com sucesso.
[01-Feb-2026 11:39:04 UTC] API: PHPMailer SMTP.php carregado com sucesso.
[01-Feb-2026 08:39:04 America/Sao_Paulo] API: config.php carregado com sucesso.
[01-Feb-2026 08:39:04 America/Sao_Paulo] API: Ação recebida: get_member_exclusive_offers
[01-Feb-2026 11:39:22 UTC] API: Script iniciado.
[01-Feb-2026 11:39:22 UTC] API: PHPMailer Exception.php carregado com sucesso.
[01-Feb-2026 11:39:22 UTC] API: PHPMailer PHPMailer.php carregado com sucesso.
[01-Feb-2026 11:39:22 UTC] API: PHPMailer SMTP.php carregado com sucesso.
[01-Feb-2026 08:39:22 America/Sao_Paulo] API: config.php carregado com sucesso.
[01-Feb-2026 08:39:22 America/Sao_Paulo] API: Ação recebida: get_dashboard_data
[01-Feb-2026 11:39:25 UTC] API: Script iniciado.
[01-Feb-2026 11:39:25 UTC] API: PHPMailer Exception.php carregado com sucesso.
[01-Feb-2026 11:39:25 UTC] API: PHPMailer PHPMailer.php carregado com sucesso.
[01-Feb-2026 11:39:25 UTC] API: PHPMailer SMTP.php carregado com sucesso.
[01-Feb-2026 08:39:25 America/Sao_Paulo] API: config.php carregado com sucesso.
[01-Feb-2026 08:39:25 America/Sao_Paulo] API: Ação recebida: get_vendas
[01-Feb-2026 11:43:54 UTC] API: Script iniciado.
[01-Feb-2026 11:43:54 UTC] API: PHPMailer Exception.php carregado com sucesso.
[01-Feb-2026 11:43:54 UTC] API: PHPMailer PHPMailer.php carregado com sucesso.
[01-Feb-2026 11:43:54 UTC] API: PHPMailer SMTP.php carregado com sucesso.
[01-Feb-2026 08:43:54 America/Sao_Paulo] API: config.php carregado com sucesso.
[01-Feb-2026 08:43:54 America/Sao_Paulo] API: Ação recebida: get_dashboard_data
[01-Feb-2026 11:49:18 UTC] API: Script iniciado.
[01-Feb-2026 11:49:18 UTC] API: PHPMailer Exception.php carregado com sucesso.
[01-Feb-2026 11:49:18 UTC] API: PHPMailer PHPMailer.php carregado com sucesso.
[01-Feb-2026 11:49:18 UTC] API: PHPMailer SMTP.php carregado com sucesso.
[01-Feb-2026 08:49:18 America/Sao_Paulo] API: config.php carregado com sucesso.
[01-Feb-2026 08:49:18 America/Sao_Paulo] API: Ação recebida: get_member_exclusive_offers
[01-Feb-2026 11:49:44 UTC] API: Script iniciado.
[01-Feb-2026 11:49:44 UTC] API: PHPMailer Exception.php carregado com sucesso.
[01-Feb-2026 11:49:44 UTC] API: PHPMailer PHPMailer.php carregado com sucesso.
[01-Feb-2026 11:49:44 UTC] API: PHPMailer SMTP.php carregado com sucesso.
[01-Feb-2026 08:49:44 America/Sao_Paulo] API: config.php carregado com sucesso.
[01-Feb-2026 08:49:44 America/Sao_Paulo] API: Ação recebida: get_dashboard_data
[01-Feb-2026 15:06:59 UTC] API: Script iniciado.
[01-Feb-2026 15:06:59 UTC] API: PHPMailer Exception.php carregado com sucesso.
[01-Feb-2026 15:06:59 UTC] API: PHPMailer PHPMailer.php carregado com sucesso.
[01-Feb-2026 15:06:59 UTC] API: PHPMailer SMTP.php carregado com sucesso.
[01-Feb-2026 12:06:59 America/Sao_Paulo] API: config.php carregado com sucesso.
[01-Feb-2026 12:06:59 America/Sao_Paulo] API: Ação recebida: get_member_exclusive_offers
[01-Feb-2026 15:07:29 UTC] API: Script iniciado.
[01-Feb-2026 15:07:29 UTC] API: PHPMailer Exception.php carregado com sucesso.
[01-Feb-2026 15:07:29 UTC] API: PHPMailer PHPMailer.php carregado com sucesso.
[01-Feb-2026 15:07:29 UTC] API: PHPMailer SMTP.php carregado com sucesso.
[01-Feb-2026 12:07:29 America/Sao_Paulo] API: config.php carregado com sucesso.
[01-Feb-2026 12:07:29 America/Sao_Paulo] API: Ação recebida: get_member_exclusive_offers
[01-Feb-2026 15:07:54 UTC] API: Script iniciado.
[01-Feb-2026 15:07:54 UTC] API: PHPMailer Exception.php carregado com sucesso.
[01-Feb-2026 15:07:54 UTC] API: PHPMailer PHPMailer.php carregado com sucesso.
[01-Feb-2026 15:07:54 UTC] API: PHPMailer SMTP.php carregado com sucesso.
[01-Feb-2026 12:07:54 America/Sao_Paulo] API: config.php carregado com sucesso.
[01-Feb-2026 12:07:54 America/Sao_Paulo] API: Ação recebida: get_dashboard_data
[01-Feb-2026 15:09:39 UTC] API: Script iniciado.
[01-Feb-2026 15:09:39 UTC] API: PHPMailer Exception.php carregado com sucesso.
[01-Feb-2026 15:09:39 UTC] API: PHPMailer PHPMailer.php carregado com sucesso.
[01-Feb-2026 15:09:39 UTC] API: PHPMailer SMTP.php carregado com sucesso.
[01-Feb-2026 12:09:39 America/Sao_Paulo] API: config.php carregado com sucesso.
[01-Feb-2026 12:09:39 America/Sao_Paulo] API: Ação recebida: get_member_exclusive_offers
[01-Feb-2026 15:10:27 UTC] API: Script iniciado.
[01-Feb-2026 15:10:27 UTC] API: PHPMailer Exception.php carregado com sucesso.
[01-Feb-2026 15:10:27 UTC] API: PHPMailer PHPMailer.php carregado com sucesso.
[01-Feb-2026 15:10:27 UTC] API: PHPMailer SMTP.php carregado com sucesso.
[01-Feb-2026 12:10:27 America/Sao_Paulo] API: config.php carregado com sucesso.
[01-Feb-2026 12:10:27 America/Sao_Paulo] API: Ação recebida: get_member_exclusive_offers
[01-Feb-2026 15:12:18 UTC] API: Script iniciado.
[01-Feb-2026 15:12:18 UTC] API: PHPMailer Exception.php carregado com sucesso.
[01-Feb-2026 15:12:18 UTC] API: PHPMailer PHPMailer.php carregado com sucesso.
[01-Feb-2026 15:12:18 UTC] API: PHPMailer SMTP.php carregado com sucesso.
[01-Feb-2026 12:12:18 America/Sao_Paulo] API: config.php carregado com sucesso.
[01-Feb-2026 12:12:18 America/Sao_Paulo] API: Ação recebida: get_member_exclusive_offers
[01-Feb-2026 15:12:50 UTC] API: Script iniciado.
[01-Feb-2026 15:12:50 UTC] API: PHPMailer Exception.php carregado com sucesso.
[01-Feb-2026 15:12:50 UTC] API: PHPMailer PHPMailer.php carregado com sucesso.
[01-Feb-2026 15:12:50 UTC] API: PHPMailer SMTP.php carregado com sucesso.
[01-Feb-2026 12:12:50 America/Sao_Paulo] API: config.php carregado com sucesso.
[01-Feb-2026 12:12:50 America/Sao_Paulo] API: Ação recebida: get_member_exclusive_offers
[01-Feb-2026 18:22:08 UTC] API: Script iniciado.
[01-Feb-2026 18:22:08 UTC] API: PHPMailer Exception.php carregado com sucesso.
[01-Feb-2026 18:22:08 UTC] API: PHPMailer PHPMailer.php carregado com sucesso.
[01-Feb-2026 18:22:08 UTC] API: PHPMailer SMTP.php carregado com sucesso.
[01-Feb-2026 15:22:08 America/Sao_Paulo] API: config.php carregado com sucesso.
[01-Feb-2026 15:22:08 America/Sao_Paulo] API: Ação recebida: get_member_exclusive_offers
[01-Feb-2026 18:23:58 UTC] API: Script iniciado.
[01-Feb-2026 18:23:58 UTC] API: PHPMailer Exception.php carregado com sucesso.
[01-Feb-2026 18:23:58 UTC] API: PHPMailer PHPMailer.php carregado com sucesso.
[01-Feb-2026 18:23:58 UTC] API: PHPMailer SMTP.php carregado com sucesso.
[01-Feb-2026 15:23:58 America/Sao_Paulo] API: config.php carregado com sucesso.
[01-Feb-2026 15:23:58 America/Sao_Paulo] API: Ação recebida: get_member_exclusive_offers
[01-Feb-2026 18:25:29 UTC] API: Script iniciado.
[01-Feb-2026 18:25:29 UTC] API: PHPMailer Exception.php carregado com sucesso.
[01-Feb-2026 18:25:29 UTC] API: PHPMailer PHPMailer.php carregado com sucesso.
[01-Feb-2026 18:25:29 UTC] API: PHPMailer SMTP.php carregado com sucesso.
[01-Feb-2026 15:25:29 America/Sao_Paulo] API: config.php carregado com sucesso.
[01-Feb-2026 15:25:29 America/Sao_Paulo] API: Ação recebida: get_member_exclusive_offers
[01-Feb-2026 18:25:45 UTC] API: Script iniciado.
[01-Feb-2026 18:25:45 UTC] API: PHPMailer Exception.php carregado com sucesso.
[01-Feb-2026 18:25:45 UTC] API: PHPMailer PHPMailer.php carregado com sucesso.
[01-Feb-2026 18:25:45 UTC] API: PHPMailer SMTP.php carregado com sucesso.
[01-Feb-2026 15:25:45 America/Sao_Paulo] API: config.php carregado com sucesso.
[01-Feb-2026 15:25:45 America/Sao_Paulo] API: Ação recebida: get_member_exclusive_offers
[01-Feb-2026 18:25:57 UTC] API: Script iniciado.
[01-Feb-2026 18:25:57 UTC] API: PHPMailer Exception.php carregado com sucesso.
[01-Feb-2026 18:25:57 UTC] API: PHPMailer PHPMailer.php carregado com sucesso.
[01-Feb-2026 18:25:57 UTC] API: PHPMailer SMTP.php carregado com sucesso.
[01-Feb-2026 15:25:57 America/Sao_Paulo] API: config.php carregado com sucesso.
[01-Feb-2026 15:25:57 America/Sao_Paulo] API: Ação recebida: get_member_exclusive_offers
[01-Feb-2026 18:26:29 UTC] API: Script iniciado.
[01-Feb-2026 18:26:29 UTC] API: PHPMailer Exception.php carregado com sucesso.
[01-Feb-2026 18:26:29 UTC] API: PHPMailer PHPMailer.php carregado com sucesso.
[01-Feb-2026 18:26:29 UTC] API: PHPMailer SMTP.php carregado com sucesso.
[01-Feb-2026 15:26:29 America/Sao_Paulo] API: config.php carregado com sucesso.
[01-Feb-2026 15:26:29 America/Sao_Paulo] API: Ação recebida: get_member_exclusive_offers
[01-Feb-2026 19:21:47 UTC] API: Script iniciado.
[01-Feb-2026 19:21:47 UTC] API: PHPMailer Exception.php carregado com sucesso.
[01-Feb-2026 19:21:47 UTC] API: PHPMailer PHPMailer.php carregado com sucesso.
[01-Feb-2026 19:21:47 UTC] API: PHPMailer SMTP.php carregado com sucesso.
[01-Feb-2026 16:21:47 America/Sao_Paulo] API: config.php carregado com sucesso.
[01-Feb-2026 16:21:47 America/Sao_Paulo] API: Ação recebida: get_dashboard_data
[01-Feb-2026 21:23:05 UTC] API: Script iniciado.
[01-Feb-2026 21:23:05 UTC] API: PHPMailer Exception.php carregado com sucesso.
[01-Feb-2026 21:23:05 UTC] API: PHPMailer PHPMailer.php carregado com sucesso.
[01-Feb-2026 21:23:05 UTC] API: PHPMailer SMTP.php carregado com sucesso.
[01-Feb-2026 18:23:05 America/Sao_Paulo] API: config.php carregado com sucesso.
[01-Feb-2026 18:23:05 America/Sao_Paulo] API: Ação recebida: get_member_exclusive_offers
[01-Feb-2026 21:23:14 UTC] API: Script iniciado.
[01-Feb-2026 21:23:14 UTC] API: PHPMailer Exception.php carregado com sucesso.
[01-Feb-2026 21:23:14 UTC] API: PHPMailer PHPMailer.php carregado com sucesso.
[01-Feb-2026 21:23:14 UTC] API: PHPMailer SMTP.php carregado com sucesso.
[01-Feb-2026 18:23:14 America/Sao_Paulo] API: config.php carregado com sucesso.
[01-Feb-2026 18:23:14 America/Sao_Paulo] API: Ação recebida: get_dashboard_data
[01-Feb-2026 21:23:30 UTC] API: Script iniciado.
[01-Feb-2026 21:23:30 UTC] API: PHPMailer Exception.php carregado com sucesso.
[01-Feb-2026 21:23:30 UTC] API: PHPMailer PHPMailer.php carregado com sucesso.
[01-Feb-2026 21:23:30 UTC] API: PHPMailer SMTP.php carregado com sucesso.
[01-Feb-2026 18:23:30 America/Sao_Paulo] API: config.php carregado com sucesso.
[01-Feb-2026 18:23:30 America/Sao_Paulo] API: Ação recebida: get_vendas
[01-Feb-2026 21:24:52 UTC] API: Script iniciado.
[01-Feb-2026 21:24:52 UTC] API: PHPMailer Exception.php carregado com sucesso.
[01-Feb-2026 21:24:52 UTC] API: PHPMailer PHPMailer.php carregado com sucesso.
[01-Feb-2026 21:24:52 UTC] API: PHPMailer SMTP.php carregado com sucesso.
[01-Feb-2026 18:24:52 America/Sao_Paulo] API: config.php carregado com sucesso.
[01-Feb-2026 18:24:52 America/Sao_Paulo] API: Ação recebida: get_vendas
[01-Feb-2026 21:25:47 UTC] API: Script iniciado.
[01-Feb-2026 21:25:47 UTC] API: PHPMailer Exception.php carregado com sucesso.
[01-Feb-2026 21:25:47 UTC] API: PHPMailer PHPMailer.php carregado com sucesso.
[01-Feb-2026 21:25:47 UTC] API: PHPMailer SMTP.php carregado com sucesso.
[01-Feb-2026 18:25:47 America/Sao_Paulo] API: config.php carregado com sucesso.
[01-Feb-2026 18:25:47 America/Sao_Paulo] API: Ação recebida: get_vendas
[01-Feb-2026 21:25:50 UTC] API: Script iniciado.
[01-Feb-2026 21:25:50 UTC] API: PHPMailer Exception.php carregado com sucesso.
[01-Feb-2026 21:25:50 UTC] API: PHPMailer PHPMailer.php carregado com sucesso.
[01-Feb-2026 21:25:50 UTC] API: PHPMailer SMTP.php carregado com sucesso.
[01-Feb-2026 18:25:50 America/Sao_Paulo] API: config.php carregado com sucesso.
[01-Feb-2026 18:25:50 America/Sao_Paulo] API: Ação recebida: get_dashboard_data
[01-Feb-2026 21:26:01 UTC] API: Script iniciado.
[01-Feb-2026 21:26:01 UTC] API: PHPMailer Exception.php carregado com sucesso.
[01-Feb-2026 21:26:01 UTC] API: PHPMailer PHPMailer.php carregado com sucesso.
[01-Feb-2026 21:26:01 UTC] API: PHPMailer SMTP.php carregado com sucesso.
[01-Feb-2026 18:26:01 America/Sao_Paulo] API: config.php carregado com sucesso.
[01-Feb-2026 18:26:01 America/Sao_Paulo] API: Ação recebida: get_dashboard_data
[01-Feb-2026 21:26:02 UTC] API: Script iniciado.
[01-Feb-2026 21:26:02 UTC] API: PHPMailer Exception.php carregado com sucesso.
[01-Feb-2026 21:26:02 UTC] API: PHPMailer PHPMailer.php carregado com sucesso.
[01-Feb-2026 21:26:02 UTC] API: PHPMailer SMTP.php carregado com sucesso.
[01-Feb-2026 18:26:02 America/Sao_Paulo] API: config.php carregado com sucesso.
[01-Feb-2026 18:26:02 America/Sao_Paulo] API: Ação recebida: get_dashboard_data
[01-Feb-2026 21:26:03 UTC] API: Script iniciado.
[01-Feb-2026 21:26:03 UTC] API: PHPMailer Exception.php carregado com sucesso.
[01-Feb-2026 21:26:03 UTC] API: PHPMailer PHPMailer.php carregado com sucesso.
[01-Feb-2026 21:26:03 UTC] API: PHPMailer SMTP.php carregado com sucesso.
[01-Feb-2026 18:26:03 America/Sao_Paulo] API: config.php carregado com sucesso.
[01-Feb-2026 18:26:03 America/Sao_Paulo] API: Ação recebida: get_dashboard_data
[01-Feb-2026 21:26:43 UTC] API: Script iniciado.
[01-Feb-2026 21:26:43 UTC] API: PHPMailer Exception.php carregado com sucesso.
[01-Feb-2026 21:26:43 UTC] API: PHPMailer PHPMailer.php carregado com sucesso.
[01-Feb-2026 21:26:43 UTC] API: PHPMailer SMTP.php carregado com sucesso.
[01-Feb-2026 18:26:43 America/Sao_Paulo] API: config.php carregado com sucesso.
[01-Feb-2026 18:26:43 America/Sao_Paulo] API: Ação recebida: get_dashboard_data
[01-Feb-2026 21:48:36 UTC] API: Script iniciado.
[01-Feb-2026 21:48:36 UTC] API: PHPMailer Exception.php carregado com sucesso.
[01-Feb-2026 21:48:36 UTC] API: PHPMailer PHPMailer.php carregado com sucesso.
[01-Feb-2026 21:48:36 UTC] API: PHPMailer SMTP.php carregado com sucesso.
[01-Feb-2026 18:48:36 America/Sao_Paulo] API: config.php carregado com sucesso.
[01-Feb-2026 18:48:36 America/Sao_Paulo] API: Ação recebida: get_dashboard_data
[01-Feb-2026 21:49:57 UTC] API: Script iniciado.
[01-Feb-2026 21:49:57 UTC] API: PHPMailer Exception.php carregado com sucesso.
[01-Feb-2026 21:49:57 UTC] API: PHPMailer PHPMailer.php carregado com sucesso.
[01-Feb-2026 21:49:57 UTC] API: PHPMailer SMTP.php carregado com sucesso.
[01-Feb-2026 18:49:57 America/Sao_Paulo] API: config.php carregado com sucesso.
[01-Feb-2026 18:49:57 America/Sao_Paulo] API: Ação recebida: get_member_exclusive_offers
[01-Feb-2026 21:57:20 UTC] API: Script iniciado.
[01-Feb-2026 21:57:20 UTC] API: PHPMailer Exception.php carregado com sucesso.
[01-Feb-2026 21:57:20 UTC] API: PHPMailer PHPMailer.php carregado com sucesso.
[01-Feb-2026 21:57:20 UTC] API: PHPMailer SMTP.php carregado com sucesso.
[01-Feb-2026 18:57:20 America/Sao_Paulo] API: config.php carregado com sucesso.
[01-Feb-2026 18:57:20 America/Sao_Paulo] API: Ação recebida: get_member_exclusive_offers
[01-Feb-2026 22:05:41 UTC] API: Script iniciado.
[01-Feb-2026 22:05:41 UTC] API: PHPMailer Exception.php carregado com sucesso.
[01-Feb-2026 22:05:41 UTC] API: PHPMailer PHPMailer.php carregado com sucesso.
[01-Feb-2026 22:05:41 UTC] API: PHPMailer SMTP.php carregado com sucesso.
[01-Feb-2026 19:05:41 America/Sao_Paulo] API: config.php carregado com sucesso.
[01-Feb-2026 19:05:41 America/Sao_Paulo] API: Ação recebida: get_member_exclusive_offers
[01-Feb-2026 22:05:59 UTC] API: Script iniciado.
[01-Feb-2026 22:05:59 UTC] API: PHPMailer Exception.php carregado com sucesso.
[01-Feb-2026 22:05:59 UTC] API: PHPMailer PHPMailer.php carregado com sucesso.
[01-Feb-2026 22:05:59 UTC] API: PHPMailer SMTP.php carregado com sucesso.
[01-Feb-2026 19:05:59 America/Sao_Paulo] API: config.php carregado com sucesso.
[01-Feb-2026 19:05:59 America/Sao_Paulo] API: Ação recebida: get_dashboard_data
[01-Feb-2026 22:07:38 UTC] API: Script iniciado.
[01-Feb-2026 22:07:38 UTC] API: PHPMailer Exception.php carregado com sucesso.
[01-Feb-2026 22:07:38 UTC] API: PHPMailer PHPMailer.php carregado com sucesso.
[01-Feb-2026 22:07:38 UTC] API: PHPMailer SMTP.php carregado com sucesso.
[01-Feb-2026 19:07:38 America/Sao_Paulo] API: config.php carregado com sucesso.
[01-Feb-2026 19:07:38 America/Sao_Paulo] API: Ação recebida: get_dashboard_data
[01-Feb-2026 22:08:03 UTC] API: Script iniciado.
[01-Feb-2026 22:08:03 UTC] API: PHPMailer Exception.php carregado com sucesso.
[01-Feb-2026 22:08:03 UTC] API: PHPMailer PHPMailer.php carregado com sucesso.
[01-Feb-2026 22:08:03 UTC] API: PHPMailer SMTP.php carregado com sucesso.
[01-Feb-2026 19:08:03 America/Sao_Paulo] API: config.php carregado com sucesso.
[01-Feb-2026 19:08:03 America/Sao_Paulo] API: Ação recebida: get_member_exclusive_offers
[01-Feb-2026 22:56:42 UTC] API: Script iniciado.
[01-Feb-2026 22:56:42 UTC] API: PHPMailer Exception.php carregado com sucesso.
[01-Feb-2026 22:56:42 UTC] API: PHPMailer PHPMailer.php carregado com sucesso.
[01-Feb-2026 22:56:42 UTC] API: PHPMailer SMTP.php carregado com sucesso.
[01-Feb-2026 19:56:42 America/Sao_Paulo] API: config.php carregado com sucesso.
[01-Feb-2026 19:56:42 America/Sao_Paulo] API: Ação recebida: get_dashboard_data
[01-Feb-2026 23:06:28 UTC] API: Script iniciado.
[01-Feb-2026 23:06:28 UTC] API: PHPMailer Exception.php carregado com sucesso.
[01-Feb-2026 23:06:28 UTC] API: PHPMailer PHPMailer.php carregado com sucesso.
[01-Feb-2026 23:06:28 UTC] API: PHPMailer SMTP.php carregado com sucesso.
[01-Feb-2026 20:06:28 America/Sao_Paulo] API: config.php carregado com sucesso.
[01-Feb-2026 20:06:28 America/Sao_Paulo] API: Ação recebida: get_member_exclusive_offers
[01-Feb-2026 23:08:16 UTC] API: Script iniciado.
[01-Feb-2026 23:08:16 UTC] API: PHPMailer Exception.php carregado com sucesso.
[01-Feb-2026 23:08:16 UTC] API: PHPMailer PHPMailer.php carregado com sucesso.
[01-Feb-2026 23:08:16 UTC] API: PHPMailer SMTP.php carregado com sucesso.
[01-Feb-2026 20:08:16 America/Sao_Paulo] API: config.php carregado com sucesso.
[01-Feb-2026 20:08:16 America/Sao_Paulo] API: Ação recebida: get_member_exclusive_offers
[01-Feb-2026 23:08:45 UTC] API: Script iniciado.
[01-Feb-2026 23:08:45 UTC] API: PHPMailer Exception.php carregado com sucesso.
[01-Feb-2026 23:08:45 UTC] API: PHPMailer PHPMailer.php carregado com sucesso.
[01-Feb-2026 23:08:45 UTC] API: PHPMailer SMTP.php carregado com sucesso.
[01-Feb-2026 20:08:45 America/Sao_Paulo] API: config.php carregado com sucesso.
[01-Feb-2026 20:08:45 America/Sao_Paulo] API: Ação recebida: get_member_exclusive_offers
[01-Feb-2026 23:09:19 UTC] API: Script iniciado.
[01-Feb-2026 23:09:19 UTC] API: PHPMailer Exception.php carregado com sucesso.
[01-Feb-2026 23:09:19 UTC] API: PHPMailer PHPMailer.php carregado com sucesso.
[01-Feb-2026 23:09:19 UTC] API: PHPMailer SMTP.php carregado com sucesso.
[01-Feb-2026 20:09:19 America/Sao_Paulo] API: config.php carregado com sucesso.
[01-Feb-2026 20:09:19 America/Sao_Paulo] API: Ação recebida: get_member_exclusive_offers
[01-Feb-2026 23:10:23 UTC] API: Script iniciado.
[01-Feb-2026 23:10:23 UTC] API: PHPMailer Exception.php carregado com sucesso.
[01-Feb-2026 23:10:23 UTC] API: PHPMailer PHPMailer.php carregado com sucesso.
[01-Feb-2026 23:10:23 UTC] API: PHPMailer SMTP.php carregado com sucesso.
[01-Feb-2026 20:10:23 America/Sao_Paulo] API: config.php carregado com sucesso.
[01-Feb-2026 20:10:23 America/Sao_Paulo] API: Ação recebida: get_dashboard_data
[01-Feb-2026 23:12:55 UTC] API: Script iniciado.
[01-Feb-2026 23:12:55 UTC] API: PHPMailer Exception.php carregado com sucesso.
[01-Feb-2026 23:12:55 UTC] API: PHPMailer PHPMailer.php carregado com sucesso.
[01-Feb-2026 23:12:55 UTC] API: PHPMailer SMTP.php carregado com sucesso.
[01-Feb-2026 20:12:55 America/Sao_Paulo] API: config.php carregado com sucesso.
[01-Feb-2026 20:12:55 America/Sao_Paulo] API: Ação recebida: get_dashboard_data
[01-Feb-2026 23:13:18 UTC] API: Script iniciado.
[01-Feb-2026 23:13:18 UTC] API: PHPMailer Exception.php carregado com sucesso.
[01-Feb-2026 23:13:18 UTC] API: PHPMailer PHPMailer.php carregado com sucesso.
[01-Feb-2026 23:13:18 UTC] API: PHPMailer SMTP.php carregado com sucesso.
[01-Feb-2026 20:13:18 America/Sao_Paulo] API: config.php carregado com sucesso.
[01-Feb-2026 20:13:18 America/Sao_Paulo] API: Ação recebida: get_member_exclusive_offers
[02-Feb-2026 17:26:34 UTC] API: Script iniciado.
[02-Feb-2026 17:26:34 UTC] API: PHPMailer Exception.php carregado com sucesso.
[02-Feb-2026 17:26:34 UTC] API: PHPMailer PHPMailer.php carregado com sucesso.
[02-Feb-2026 17:26:34 UTC] API: PHPMailer SMTP.php carregado com sucesso.
[02-Feb-2026 14:26:34 America/Sao_Paulo] API: config.php carregado com sucesso.
[02-Feb-2026 14:26:34 America/Sao_Paulo] API: Ação recebida: get_dashboard_data
[02-Feb-2026 17:27:07 UTC] API: Script iniciado.
[02-Feb-2026 17:27:07 UTC] API: PHPMailer Exception.php carregado com sucesso.
[02-Feb-2026 17:27:07 UTC] API: PHPMailer PHPMailer.php carregado com sucesso.
[02-Feb-2026 17:27:07 UTC] API: PHPMailer SMTP.php carregado com sucesso.
[02-Feb-2026 14:27:07 America/Sao_Paulo] API: config.php carregado com sucesso.
[02-Feb-2026 14:27:07 America/Sao_Paulo] API: Ação recebida: get_dashboard_data
[02-Feb-2026 17:27:46 UTC] API: Script iniciado.
[02-Feb-2026 17:27:46 UTC] API: PHPMailer Exception.php carregado com sucesso.
[02-Feb-2026 17:27:46 UTC] API: PHPMailer PHPMailer.php carregado com sucesso.
[02-Feb-2026 17:27:46 UTC] API: PHPMailer SMTP.php carregado com sucesso.
[02-Feb-2026 14:27:46 America/Sao_Paulo] API: config.php carregado com sucesso.
[02-Feb-2026 14:27:46 America/Sao_Paulo] API: Ação recebida: get_dashboard_data
[02-Feb-2026 17:27:59 UTC] API: Script iniciado.
[02-Feb-2026 17:27:59 UTC] API: PHPMailer Exception.php carregado com sucesso.
[02-Feb-2026 17:27:59 UTC] API: PHPMailer PHPMailer.php carregado com sucesso.
[02-Feb-2026 17:27:59 UTC] API: PHPMailer SMTP.php carregado com sucesso.
[02-Feb-2026 14:27:59 America/Sao_Paulo] API: config.php carregado com sucesso.
[02-Feb-2026 14:27:59 America/Sao_Paulo] API: Ação recebida: get_dashboard_data
[02-Feb-2026 17:28:00 UTC] API: Script iniciado.
[02-Feb-2026 17:28:00 UTC] API: PHPMailer Exception.php carregado com sucesso.
[02-Feb-2026 17:28:00 UTC] API: PHPMailer PHPMailer.php carregado com sucesso.
[02-Feb-2026 17:28:00 UTC] API: PHPMailer SMTP.php carregado com sucesso.
[02-Feb-2026 14:28:00 America/Sao_Paulo] API: config.php carregado com sucesso.
[02-Feb-2026 14:28:00 America/Sao_Paulo] API: Ação recebida: get_vendas
[02-Feb-2026 17:40:07 UTC] API: Script iniciado.
[02-Feb-2026 17:40:07 UTC] API: PHPMailer Exception.php carregado com sucesso.
[02-Feb-2026 17:40:07 UTC] API: PHPMailer PHPMailer.php carregado com sucesso.
[02-Feb-2026 17:40:07 UTC] API: PHPMailer SMTP.php carregado com sucesso.
[02-Feb-2026 14:40:07 America/Sao_Paulo] API: config.php carregado com sucesso.
[02-Feb-2026 14:40:07 America/Sao_Paulo] API: Ação recebida: get_member_exclusive_offers
[02-Feb-2026 17:40:15 UTC] API: Script iniciado.
[02-Feb-2026 17:40:15 UTC] API: PHPMailer Exception.php carregado com sucesso.
[02-Feb-2026 17:40:15 UTC] API: PHPMailer PHPMailer.php carregado com sucesso.
[02-Feb-2026 17:40:15 UTC] API: PHPMailer SMTP.php carregado com sucesso.
[02-Feb-2026 14:40:15 America/Sao_Paulo] API: config.php carregado com sucesso.
[02-Feb-2026 14:40:15 America/Sao_Paulo] API: Ação recebida: get_member_exclusive_offers
[02-Feb-2026 17:41:54 UTC] API: Script iniciado.
[02-Feb-2026 17:41:54 UTC] API: PHPMailer Exception.php carregado com sucesso.
[02-Feb-2026 17:41:54 UTC] API: PHPMailer PHPMailer.php carregado com sucesso.
[02-Feb-2026 17:41:54 UTC] API: PHPMailer SMTP.php carregado com sucesso.
[02-Feb-2026 14:41:54 America/Sao_Paulo] API: config.php carregado com sucesso.
[02-Feb-2026 14:41:54 America/Sao_Paulo] API: Ação recebida: get_member_exclusive_offers
[02-Feb-2026 17:42:27 UTC] API: Script iniciado.
[02-Feb-2026 17:42:27 UTC] API: PHPMailer Exception.php carregado com sucesso.
[02-Feb-2026 17:42:27 UTC] API: PHPMailer PHPMailer.php carregado com sucesso.
[02-Feb-2026 17:42:27 UTC] API: PHPMailer SMTP.php carregado com sucesso.
[02-Feb-2026 14:42:27 America/Sao_Paulo] API: config.php carregado com sucesso.
[02-Feb-2026 14:42:27 America/Sao_Paulo] API: Ação recebida: get_member_exclusive_offers
[02-Feb-2026 17:42:42 UTC] API: Script iniciado.
[02-Feb-2026 17:42:42 UTC] API: PHPMailer Exception.php carregado com sucesso.
[02-Feb-2026 17:42:42 UTC] API: PHPMailer PHPMailer.php carregado com sucesso.
[02-Feb-2026 17:42:42 UTC] API: PHPMailer SMTP.php carregado com sucesso.
[02-Feb-2026 14:42:42 America/Sao_Paulo] API: config.php carregado com sucesso.
[02-Feb-2026 14:42:42 America/Sao_Paulo] API: Ação recebida: get_member_exclusive_offers
[02-Feb-2026 17:42:45 UTC] API: Script iniciado.
[02-Feb-2026 17:42:45 UTC] API: PHPMailer Exception.php carregado com sucesso.
[02-Feb-2026 17:42:45 UTC] API: PHPMailer PHPMailer.php carregado com sucesso.
[02-Feb-2026 17:42:45 UTC] API: PHPMailer SMTP.php carregado com sucesso.
[02-Feb-2026 14:42:45 America/Sao_Paulo] API: config.php carregado com sucesso.
[02-Feb-2026 14:42:45 America/Sao_Paulo] API: Ação recebida: get_member_exclusive_offers
[02-Feb-2026 17:42:56 UTC] API: Script iniciado.
[02-Feb-2026 17:42:56 UTC] API: PHPMailer Exception.php carregado com sucesso.
[02-Feb-2026 17:42:56 UTC] API: PHPMailer PHPMailer.php carregado com sucesso.
[02-Feb-2026 17:42:56 UTC] API: PHPMailer SMTP.php carregado com sucesso.
[02-Feb-2026 14:42:56 America/Sao_Paulo] API: config.php carregado com sucesso.
[02-Feb-2026 14:42:56 America/Sao_Paulo] API: Ação recebida: get_member_exclusive_offers
[02-Feb-2026 17:46:11 UTC] API: Script iniciado.
[02-Feb-2026 17:46:11 UTC] API: PHPMailer Exception.php carregado com sucesso.
[02-Feb-2026 17:46:11 UTC] API: PHPMailer PHPMailer.php carregado com sucesso.
[02-Feb-2026 17:46:11 UTC] API: PHPMailer SMTP.php carregado com sucesso.
[02-Feb-2026 14:46:11 America/Sao_Paulo] API: config.php carregado com sucesso.
[02-Feb-2026 14:46:11 America/Sao_Paulo] API: Ação recebida: get_member_exclusive_offers
[02-Feb-2026 17:46:29 UTC] API: Script iniciado.
[02-Feb-2026 17:46:29 UTC] API: PHPMailer Exception.php carregado com sucesso.
[02-Feb-2026 17:46:29 UTC] API: PHPMailer PHPMailer.php carregado com sucesso.
[02-Feb-2026 17:46:29 UTC] API: PHPMailer SMTP.php carregado com sucesso.
[02-Feb-2026 14:46:29 America/Sao_Paulo] API: config.php carregado com sucesso.
[02-Feb-2026 14:46:29 America/Sao_Paulo] API: Ação recebida: get_member_exclusive_offers
[02-Feb-2026 17:46:46 UTC] API: Script iniciado.
[02-Feb-2026 17:46:46 UTC] API: PHPMailer Exception.php carregado com sucesso.
[02-Feb-2026 17:46:46 UTC] API: PHPMailer PHPMailer.php carregado com sucesso.
[02-Feb-2026 17:46:46 UTC] API: PHPMailer SMTP.php carregado com sucesso.
[02-Feb-2026 14:46:46 America/Sao_Paulo] API: config.php carregado com sucesso.
[02-Feb-2026 14:46:46 America/Sao_Paulo] API: Ação recebida: get_member_exclusive_offers
[02-Feb-2026 17:48:30 UTC] API: Script iniciado.
[02-Feb-2026 17:48:30 UTC] API: PHPMailer Exception.php carregado com sucesso.
[02-Feb-2026 17:48:30 UTC] API: PHPMailer PHPMailer.php carregado com sucesso.
[02-Feb-2026 17:48:30 UTC] API: PHPMailer SMTP.php carregado com sucesso.
[02-Feb-2026 14:48:30 America/Sao_Paulo] API: config.php carregado com sucesso.
[02-Feb-2026 14:48:30 America/Sao_Paulo] API: Ação recebida: get_member_exclusive_offers
[02-Feb-2026 18:01:44 UTC] API: Script iniciado.
[02-Feb-2026 18:01:44 UTC] API: PHPMailer Exception.php carregado com sucesso.
[02-Feb-2026 18:01:44 UTC] API: PHPMailer PHPMailer.php carregado com sucesso.
[02-Feb-2026 18:01:44 UTC] API: PHPMailer SMTP.php carregado com sucesso.
[02-Feb-2026 15:01:44 America/Sao_Paulo] API: config.php carregado com sucesso.
[02-Feb-2026 15:01:44 America/Sao_Paulo] API: Ação recebida: get_member_exclusive_offers
[02-Feb-2026 18:02:14 UTC] API: Script iniciado.
[02-Feb-2026 18:02:14 UTC] API: PHPMailer Exception.php carregado com sucesso.
[02-Feb-2026 18:02:14 UTC] API: PHPMailer PHPMailer.php carregado com sucesso.
[02-Feb-2026 18:02:14 UTC] API: PHPMailer SMTP.php carregado com sucesso.
[02-Feb-2026 15:02:14 America/Sao_Paulo] API: config.php carregado com sucesso.
[02-Feb-2026 15:02:14 America/Sao_Paulo] API: Ação recebida: get_member_exclusive_offers
[02-Feb-2026 18:02:28 UTC] API: Script iniciado.
[02-Feb-2026 18:02:28 UTC] API: PHPMailer Exception.php carregado com sucesso.
[02-Feb-2026 18:02:28 UTC] API: PHPMailer PHPMailer.php carregado com sucesso.
[02-Feb-2026 18:02:28 UTC] API: PHPMailer SMTP.php carregado com sucesso.
[02-Feb-2026 15:02:29 America/Sao_Paulo] API: config.php carregado com sucesso.
[02-Feb-2026 15:02:29 America/Sao_Paulo] API: Ação recebida: get_dashboard_data
[02-Feb-2026 18:09:29 UTC] API: Script iniciado.
[02-Feb-2026 18:09:29 UTC] API: PHPMailer Exception.php carregado com sucesso.
[02-Feb-2026 18:09:29 UTC] API: PHPMailer PHPMailer.php carregado com sucesso.
[02-Feb-2026 18:09:29 UTC] API: PHPMailer SMTP.php carregado com sucesso.
[02-Feb-2026 15:09:29 America/Sao_Paulo] API: config.php carregado com sucesso.
[02-Feb-2026 15:09:29 America/Sao_Paulo] API: Ação recebida: get_dashboard_data
[02-Feb-2026 18:09:37 UTC] API: Script iniciado.
[02-Feb-2026 18:09:37 UTC] API: PHPMailer Exception.php carregado com sucesso.
[02-Feb-2026 18:09:37 UTC] API: PHPMailer PHPMailer.php carregado com sucesso.
[02-Feb-2026 18:09:37 UTC] API: PHPMailer SMTP.php carregado com sucesso.
[02-Feb-2026 15:09:37 America/Sao_Paulo] API: config.php carregado com sucesso.
[02-Feb-2026 15:09:37 America/Sao_Paulo] API: Ação recebida: get_member_exclusive_offers
[02-Feb-2026 18:10:17 UTC] API: Script iniciado.
[02-Feb-2026 18:10:17 UTC] API: PHPMailer Exception.php carregado com sucesso.
[02-Feb-2026 18:10:17 UTC] API: PHPMailer PHPMailer.php carregado com sucesso.
[02-Feb-2026 18:10:17 UTC] API: PHPMailer SMTP.php carregado com sucesso.
[02-Feb-2026 15:10:17 America/Sao_Paulo] API: config.php carregado com sucesso.
[02-Feb-2026 15:10:17 America/Sao_Paulo] API: Ação recebida: get_member_exclusive_offers
[02-Feb-2026 18:10:53 UTC] API: Script iniciado.
[02-Feb-2026 18:10:53 UTC] API: PHPMailer Exception.php carregado com sucesso.
[02-Feb-2026 18:10:53 UTC] API: PHPMailer PHPMailer.php carregado com sucesso.
[02-Feb-2026 18:10:53 UTC] API: PHPMailer SMTP.php carregado com sucesso.
[02-Feb-2026 15:10:53 America/Sao_Paulo] API: config.php carregado com sucesso.
[02-Feb-2026 15:10:53 America/Sao_Paulo] API: Ação recebida: get_member_exclusive_offers
[02-Feb-2026 18:11:10 UTC] API: Script iniciado.
[02-Feb-2026 18:11:10 UTC] API: PHPMailer Exception.php carregado com sucesso.
[02-Feb-2026 18:11:10 UTC] API: PHPMailer PHPMailer.php carregado com sucesso.
[02-Feb-2026 18:11:10 UTC] API: PHPMailer SMTP.php carregado com sucesso.
[02-Feb-2026 15:11:10 America/Sao_Paulo] API: config.php carregado com sucesso.
[02-Feb-2026 15:11:10 America/Sao_Paulo] API: Ação recebida: get_member_exclusive_offers
[02-Feb-2026 18:12:28 UTC] API: Script iniciado.
[02-Feb-2026 18:12:28 UTC] API: PHPMailer Exception.php carregado com sucesso.
[02-Feb-2026 18:12:28 UTC] API: PHPMailer PHPMailer.php carregado com sucesso.
[02-Feb-2026 18:12:28 UTC] API: PHPMailer SMTP.php carregado com sucesso.
[02-Feb-2026 15:12:28 America/Sao_Paulo] API: config.php carregado com sucesso.
[02-Feb-2026 15:12:28 America/Sao_Paulo] API: Ação recebida: get_dashboard_data
[02-Feb-2026 18:18:12 UTC] API: Script iniciado.
[02-Feb-2026 18:18:12 UTC] API: PHPMailer Exception.php carregado com sucesso.
[02-Feb-2026 18:18:12 UTC] API: PHPMailer PHPMailer.php carregado com sucesso.
[02-Feb-2026 18:18:12 UTC] API: PHPMailer SMTP.php carregado com sucesso.
[02-Feb-2026 15:18:12 America/Sao_Paulo] API: config.php carregado com sucesso.
[02-Feb-2026 15:18:12 America/Sao_Paulo] API: Ação recebida: get_member_exclusive_offers
[02-Feb-2026 18:18:46 UTC] API: Script iniciado.
[02-Feb-2026 18:18:46 UTC] API: PHPMailer Exception.php carregado com sucesso.
[02-Feb-2026 18:18:46 UTC] API: PHPMailer PHPMailer.php carregado com sucesso.
[02-Feb-2026 18:18:46 UTC] API: PHPMailer SMTP.php carregado com sucesso.
[02-Feb-2026 15:18:46 America/Sao_Paulo] API: config.php carregado com sucesso.
[02-Feb-2026 15:18:46 America/Sao_Paulo] API: Ação recebida: get_member_exclusive_offers
[02-Feb-2026 18:21:45 UTC] API: Script iniciado.
[02-Feb-2026 18:21:45 UTC] API: PHPMailer Exception.php carregado com sucesso.
[02-Feb-2026 18:21:45 UTC] API: PHPMailer PHPMailer.php carregado com sucesso.
[02-Feb-2026 18:21:45 UTC] API: PHPMailer SMTP.php carregado com sucesso.
[02-Feb-2026 15:21:45 America/Sao_Paulo] API: config.php carregado com sucesso.
[02-Feb-2026 15:21:45 America/Sao_Paulo] API: Ação recebida: get_dashboard_data
[02-Feb-2026 19:27:46 UTC] API: Script iniciado.
[02-Feb-2026 19:27:46 UTC] API: PHPMailer Exception.php carregado com sucesso.
[02-Feb-2026 19:27:46 UTC] API: PHPMailer PHPMailer.php carregado com sucesso.
[02-Feb-2026 19:27:46 UTC] API: PHPMailer SMTP.php carregado com sucesso.
[02-Feb-2026 16:27:46 America/Sao_Paulo] API: config.php carregado com sucesso.
[02-Feb-2026 16:27:46 America/Sao_Paulo] API: Ação recebida: get_dashboard_data
[02-Feb-2026 19:28:33 UTC] API: Script iniciado.
[02-Feb-2026 19:28:33 UTC] API: PHPMailer Exception.php carregado com sucesso.
[02-Feb-2026 19:28:33 UTC] API: PHPMailer PHPMailer.php carregado com sucesso.
[02-Feb-2026 19:28:33 UTC] API: PHPMailer SMTP.php carregado com sucesso.
[02-Feb-2026 16:28:33 America/Sao_Paulo] API: config.php carregado com sucesso.
[02-Feb-2026 16:28:33 America/Sao_Paulo] API: Ação recebida: get_dashboard_data
[02-Feb-2026 19:29:28 UTC] API: Script iniciado.
[02-Feb-2026 19:29:28 UTC] API: PHPMailer Exception.php carregado com sucesso.
[02-Feb-2026 19:29:28 UTC] API: PHPMailer PHPMailer.php carregado com sucesso.
[02-Feb-2026 19:29:28 UTC] API: PHPMailer SMTP.php carregado com sucesso.
[02-Feb-2026 16:29:28 America/Sao_Paulo] API: config.php carregado com sucesso.
[02-Feb-2026 16:29:28 America/Sao_Paulo] API: Ação recebida: get_dashboard_data
[02-Feb-2026 19:29:36 UTC] API: Script iniciado.
[02-Feb-2026 19:29:36 UTC] API: PHPMailer Exception.php carregado com sucesso.
[02-Feb-2026 19:29:36 UTC] API: PHPMailer PHPMailer.php carregado com sucesso.
[02-Feb-2026 19:29:36 UTC] API: PHPMailer SMTP.php carregado com sucesso.
[02-Feb-2026 16:29:36 America/Sao_Paulo] API: config.php carregado com sucesso.
[02-Feb-2026 16:29:36 America/Sao_Paulo] API: Ação recebida: get_dashboard_data
[02-Feb-2026 19:33:45 UTC] API: Script iniciado.
[02-Feb-2026 19:33:45 UTC] API: PHPMailer Exception.php carregado com sucesso.
[02-Feb-2026 19:33:45 UTC] API: PHPMailer PHPMailer.php carregado com sucesso.
[02-Feb-2026 19:33:45 UTC] API: PHPMailer SMTP.php carregado com sucesso.
[02-Feb-2026 16:33:45 America/Sao_Paulo] API: config.php carregado com sucesso.
[02-Feb-2026 16:33:45 America/Sao_Paulo] API: Ação recebida: get_dashboard_data
[02-Feb-2026 19:34:59 UTC] API: Script iniciado.
[02-Feb-2026 19:34:59 UTC] API: PHPMailer Exception.php carregado com sucesso.
[02-Feb-2026 19:34:59 UTC] API: PHPMailer PHPMailer.php carregado com sucesso.
[02-Feb-2026 19:34:59 UTC] API: PHPMailer SMTP.php carregado com sucesso.
[02-Feb-2026 16:34:59 America/Sao_Paulo] API: config.php carregado com sucesso.
[02-Feb-2026 16:34:59 America/Sao_Paulo] API: Ação recebida: get_dashboard_data
[02-Feb-2026 19:40:58 UTC] API: Script iniciado.
[02-Feb-2026 19:40:58 UTC] API: PHPMailer Exception.php carregado com sucesso.
[02-Feb-2026 19:40:58 UTC] API: PHPMailer PHPMailer.php carregado com sucesso.
[02-Feb-2026 19:40:58 UTC] API: PHPMailer SMTP.php carregado com sucesso.
[02-Feb-2026 16:40:58 America/Sao_Paulo] API: config.php carregado com sucesso.
[02-Feb-2026 16:40:58 America/Sao_Paulo] API: Ação recebida: get_dashboard_data
[02-Feb-2026 19:44:29 UTC] API: Script iniciado.
[02-Feb-2026 19:44:29 UTC] API: PHPMailer Exception.php carregado com sucesso.
[02-Feb-2026 19:44:29 UTC] API: PHPMailer PHPMailer.php carregado com sucesso.
[02-Feb-2026 19:44:29 UTC] API: PHPMailer SMTP.php carregado com sucesso.
[02-Feb-2026 16:44:29 America/Sao_Paulo] API: config.php carregado com sucesso.
[02-Feb-2026 16:44:29 America/Sao_Paulo] API: Ação recebida: get_dashboard_data
[02-Feb-2026 19:44:31 UTC] API: Script iniciado.
[02-Feb-2026 19:44:31 UTC] API: PHPMailer Exception.php carregado com sucesso.
[02-Feb-2026 19:44:31 UTC] API: PHPMailer PHPMailer.php carregado com sucesso.
[02-Feb-2026 19:44:31 UTC] API: PHPMailer SMTP.php carregado com sucesso.
[02-Feb-2026 16:44:31 America/Sao_Paulo] API: config.php carregado com sucesso.
[02-Feb-2026 16:44:31 America/Sao_Paulo] API: Ação recebida: get_vendas
[02-Feb-2026 19:44:39 UTC] API: Script iniciado.
[02-Feb-2026 19:44:39 UTC] API: PHPMailer Exception.php carregado com sucesso.
[02-Feb-2026 19:44:39 UTC] API: PHPMailer PHPMailer.php carregado com sucesso.
[02-Feb-2026 19:44:39 UTC] API: PHPMailer SMTP.php carregado com sucesso.
[02-Feb-2026 16:44:39 America/Sao_Paulo] API: config.php carregado com sucesso.
[02-Feb-2026 16:44:39 America/Sao_Paulo] API: Ação recebida: get_dashboard_data
[02-Feb-2026 19:50:43 UTC] API: Script iniciado.
[02-Feb-2026 19:50:43 UTC] API: PHPMailer Exception.php carregado com sucesso.
[02-Feb-2026 19:50:43 UTC] API: PHPMailer PHPMailer.php carregado com sucesso.
[02-Feb-2026 19:50:43 UTC] API: PHPMailer SMTP.php carregado com sucesso.
[02-Feb-2026 16:50:43 America/Sao_Paulo] API: config.php carregado com sucesso.
[02-Feb-2026 16:50:43 America/Sao_Paulo] API: Ação recebida: get_member_exclusive_offers
[02-Feb-2026 20:04:59 UTC] API: Script iniciado.
[02-Feb-2026 20:04:59 UTC] API: PHPMailer Exception.php carregado com sucesso.
[02-Feb-2026 20:04:59 UTC] API: PHPMailer PHPMailer.php carregado com sucesso.
[02-Feb-2026 20:04:59 UTC] API: PHPMailer SMTP.php carregado com sucesso.
[02-Feb-2026 17:04:59 America/Sao_Paulo] API: config.php carregado com sucesso.
[02-Feb-2026 17:04:59 America/Sao_Paulo] API: Ação recebida: get_dashboard_data
[02-Feb-2026 20:09:59 UTC] API: Script iniciado.
[02-Feb-2026 20:09:59 UTC] API: PHPMailer Exception.php carregado com sucesso.
[02-Feb-2026 20:09:59 UTC] API: PHPMailer PHPMailer.php carregado com sucesso.
[02-Feb-2026 20:09:59 UTC] API: PHPMailer SMTP.php carregado com sucesso.
[02-Feb-2026 17:09:59 America/Sao_Paulo] API: config.php carregado com sucesso.
[02-Feb-2026 17:09:59 America/Sao_Paulo] API: Ação recebida: get_dashboard_data
[02-Feb-2026 20:18:21 UTC] API: Script iniciado.
[02-Feb-2026 20:18:21 UTC] API: PHPMailer Exception.php carregado com sucesso.
[02-Feb-2026 20:18:21 UTC] API: PHPMailer PHPMailer.php carregado com sucesso.
[02-Feb-2026 20:18:21 UTC] API: PHPMailer SMTP.php carregado com sucesso.
[02-Feb-2026 17:18:21 America/Sao_Paulo] API: config.php carregado com sucesso.
[02-Feb-2026 17:18:21 America/Sao_Paulo] API: Ação recebida: get_dashboard_data
[02-Feb-2026 20:19:55 UTC] API: Script iniciado.
[02-Feb-2026 20:19:55 UTC] API: PHPMailer Exception.php carregado com sucesso.
[02-Feb-2026 20:19:55 UTC] API: PHPMailer PHPMailer.php carregado com sucesso.
[02-Feb-2026 20:19:55 UTC] API: PHPMailer SMTP.php carregado com sucesso.
[02-Feb-2026 17:19:55 America/Sao_Paulo] API: config.php carregado com sucesso.
[02-Feb-2026 17:19:55 America/Sao_Paulo] API: Ação recebida: get_member_exclusive_offers
[02-Feb-2026 20:20:07 UTC] API: Script iniciado.
[02-Feb-2026 20:20:07 UTC] API: PHPMailer Exception.php carregado com sucesso.
[02-Feb-2026 20:20:07 UTC] API: PHPMailer PHPMailer.php carregado com sucesso.
[02-Feb-2026 20:20:07 UTC] API: PHPMailer SMTP.php carregado com sucesso.
[02-Feb-2026 17:20:07 America/Sao_Paulo] API: config.php carregado com sucesso.
[02-Feb-2026 17:20:07 America/Sao_Paulo] API: Ação recebida: get_member_exclusive_offers
[02-Feb-2026 20:20:43 UTC] API: Script iniciado.
[02-Feb-2026 20:20:43 UTC] API: PHPMailer Exception.php carregado com sucesso.
[02-Feb-2026 20:20:43 UTC] API: PHPMailer PHPMailer.php carregado com sucesso.
[02-Feb-2026 20:20:43 UTC] API: PHPMailer SMTP.php carregado com sucesso.
[02-Feb-2026 17:20:43 America/Sao_Paulo] API: config.php carregado com sucesso.
[02-Feb-2026 17:20:43 America/Sao_Paulo] API: Ação recebida: get_member_exclusive_offers
[02-Feb-2026 20:21:06 UTC] API: Script iniciado.
[02-Feb-2026 20:21:06 UTC] API: PHPMailer Exception.php carregado com sucesso.
[02-Feb-2026 20:21:06 UTC] API: PHPMailer PHPMailer.php carregado com sucesso.
[02-Feb-2026 20:21:06 UTC] API: PHPMailer SMTP.php carregado com sucesso.
[02-Feb-2026 17:21:06 America/Sao_Paulo] API: config.php carregado com sucesso.
[02-Feb-2026 17:21:06 America/Sao_Paulo] API: Ação recebida: get_dashboard_data
[02-Feb-2026 20:27:03 UTC] API: Script iniciado.
[02-Feb-2026 20:27:03 UTC] API: PHPMailer Exception.php carregado com sucesso.
[02-Feb-2026 20:27:03 UTC] API: PHPMailer PHPMailer.php carregado com sucesso.
[02-Feb-2026 20:27:03 UTC] API: PHPMailer SMTP.php carregado com sucesso.
[02-Feb-2026 17:27:03 America/Sao_Paulo] API: config.php carregado com sucesso.
[02-Feb-2026 17:27:03 America/Sao_Paulo] API: Ação recebida: get_member_exclusive_offers
[02-Feb-2026 20:33:24 UTC] API: Script iniciado.
[02-Feb-2026 20:33:24 UTC] API: PHPMailer Exception.php carregado com sucesso.
[02-Feb-2026 20:33:24 UTC] API: PHPMailer PHPMailer.php carregado com sucesso.
[02-Feb-2026 20:33:24 UTC] API: PHPMailer SMTP.php carregado com sucesso.
[02-Feb-2026 17:33:24 America/Sao_Paulo] API: config.php carregado com sucesso.
[02-Feb-2026 17:33:24 America/Sao_Paulo] API: Ação recebida: get_dashboard_data
[02-Feb-2026 20:33:51 UTC] API: Script iniciado.
[02-Feb-2026 20:33:51 UTC] API: PHPMailer Exception.php carregado com sucesso.
[02-Feb-2026 20:33:51 UTC] API: PHPMailer PHPMailer.php carregado com sucesso.
[02-Feb-2026 20:33:51 UTC] API: PHPMailer SMTP.php carregado com sucesso.
[02-Feb-2026 17:33:51 America/Sao_Paulo] API: config.php carregado com sucesso.
[02-Feb-2026 17:33:51 America/Sao_Paulo] API: Ação recebida: get_member_exclusive_offers
[02-Feb-2026 20:34:29 UTC] API: Script iniciado.
[02-Feb-2026 20:34:29 UTC] API: PHPMailer Exception.php carregado com sucesso.
[02-Feb-2026 20:34:29 UTC] API: PHPMailer PHPMailer.php carregado com sucesso.
[02-Feb-2026 20:34:29 UTC] API: PHPMailer SMTP.php carregado com sucesso.
[02-Feb-2026 17:34:29 America/Sao_Paulo] API: config.php carregado com sucesso.
[02-Feb-2026 17:34:29 America/Sao_Paulo] API: Ação recebida: get_dashboard_data
[02-Feb-2026 20:35:25 UTC] API: Script iniciado.
[02-Feb-2026 20:35:25 UTC] API: PHPMailer Exception.php carregado com sucesso.
[02-Feb-2026 20:35:25 UTC] API: PHPMailer PHPMailer.php carregado com sucesso.
[02-Feb-2026 20:35:25 UTC] API: PHPMailer SMTP.php carregado com sucesso.
[02-Feb-2026 17:35:25 America/Sao_Paulo] API: config.php carregado com sucesso.
[02-Feb-2026 17:35:25 America/Sao_Paulo] API: Ação recebida: get_member_exclusive_offers
[02-Feb-2026 20:38:16 UTC] API: Script iniciado.
[02-Feb-2026 20:38:16 UTC] API: PHPMailer Exception.php carregado com sucesso.
[02-Feb-2026 20:38:16 UTC] API: PHPMailer PHPMailer.php carregado com sucesso.
[02-Feb-2026 20:38:16 UTC] API: PHPMailer SMTP.php carregado com sucesso.
[02-Feb-2026 17:38:16 America/Sao_Paulo] API: config.php carregado com sucesso.
[02-Feb-2026 17:38:16 America/Sao_Paulo] API: Ação recebida: get_dashboard_data
[02-Feb-2026 20:44:53 UTC] API: Script iniciado.
[02-Feb-2026 20:44:53 UTC] API: PHPMailer Exception.php carregado com sucesso.
[02-Feb-2026 20:44:53 UTC] API: PHPMailer PHPMailer.php carregado com sucesso.
[02-Feb-2026 20:44:53 UTC] API: PHPMailer SMTP.php carregado com sucesso.
[02-Feb-2026 17:44:53 America/Sao_Paulo] API: config.php carregado com sucesso.
[02-Feb-2026 17:44:53 America/Sao_Paulo] API: Ação recebida: get_member_exclusive_offers
[02-Feb-2026 20:44:58 UTC] API: Script iniciado.
[02-Feb-2026 20:44:58 UTC] API: PHPMailer Exception.php carregado com sucesso.
[02-Feb-2026 20:44:58 UTC] API: PHPMailer PHPMailer.php carregado com sucesso.
[02-Feb-2026 20:44:58 UTC] API: PHPMailer SMTP.php carregado com sucesso.
[02-Feb-2026 17:44:59 America/Sao_Paulo] API: config.php carregado com sucesso.
[02-Feb-2026 17:44:59 America/Sao_Paulo] API: Ação recebida: get_member_exclusive_offers
[02-Feb-2026 21:04:01 UTC] API: Script iniciado.
[02-Feb-2026 21:04:01 UTC] API: PHPMailer Exception.php carregado com sucesso.
[02-Feb-2026 21:04:01 UTC] API: PHPMailer PHPMailer.php carregado com sucesso.
[02-Feb-2026 21:04:01 UTC] API: PHPMailer SMTP.php carregado com sucesso.
[02-Feb-2026 18:04:01 America/Sao_Paulo] API: config.php carregado com sucesso.
[02-Feb-2026 18:04:01 America/Sao_Paulo] API: Ação recebida: get_member_exclusive_offers
[02-Feb-2026 21:05:29 UTC] API: Script iniciado.
[02-Feb-2026 21:05:29 UTC] API: PHPMailer Exception.php carregado com sucesso.
[02-Feb-2026 21:05:29 UTC] API: PHPMailer PHPMailer.php carregado com sucesso.
[02-Feb-2026 21:05:29 UTC] API: PHPMailer SMTP.php carregado com sucesso.
[02-Feb-2026 18:05:29 America/Sao_Paulo] API: config.php carregado com sucesso.
[02-Feb-2026 18:05:29 America/Sao_Paulo] API: Ação recebida: get_member_exclusive_offers
[02-Feb-2026 21:05:41 UTC] API: Script iniciado.
[02-Feb-2026 21:05:41 UTC] API: PHPMailer Exception.php carregado com sucesso.
[02-Feb-2026 21:05:41 UTC] API: PHPMailer PHPMailer.php carregado com sucesso.
[02-Feb-2026 21:05:41 UTC] API: PHPMailer SMTP.php carregado com sucesso.
[02-Feb-2026 18:05:41 America/Sao_Paulo] API: config.php carregado com sucesso.
[02-Feb-2026 18:05:41 America/Sao_Paulo] API: Ação recebida: get_dashboard_data
[02-Feb-2026 21:07:14 UTC] API: Script iniciado.
[02-Feb-2026 21:07:14 UTC] API: PHPMailer Exception.php carregado com sucesso.
[02-Feb-2026 21:07:14 UTC] API: PHPMailer PHPMailer.php carregado com sucesso.
[02-Feb-2026 21:07:14 UTC] API: PHPMailer SMTP.php carregado com sucesso.
[02-Feb-2026 18:07:14 America/Sao_Paulo] API: config.php carregado com sucesso.
[02-Feb-2026 18:07:14 America/Sao_Paulo] API: Ação recebida: get_member_exclusive_offers
[02-Feb-2026 21:07:35 UTC] API: Script iniciado.
[02-Feb-2026 21:07:35 UTC] API: PHPMailer Exception.php carregado com sucesso.
[02-Feb-2026 21:07:35 UTC] API: PHPMailer PHPMailer.php carregado com sucesso.
[02-Feb-2026 21:07:35 UTC] API: PHPMailer SMTP.php carregado com sucesso.
[02-Feb-2026 18:07:35 America/Sao_Paulo] API: config.php carregado com sucesso.
[02-Feb-2026 18:07:35 America/Sao_Paulo] API: Ação recebida: get_dashboard_data
[02-Feb-2026 21:08:04 UTC] API: Script iniciado.
[02-Feb-2026 21:08:04 UTC] API: PHPMailer Exception.php carregado com sucesso.
[02-Feb-2026 21:08:04 UTC] API: PHPMailer PHPMailer.php carregado com sucesso.
[02-Feb-2026 21:08:04 UTC] API: PHPMailer SMTP.php carregado com sucesso.
[02-Feb-2026 18:08:04 America/Sao_Paulo] API: config.php carregado com sucesso.
[02-Feb-2026 18:08:04 America/Sao_Paulo] API: Ação recebida: get_member_exclusive_offers
[02-Feb-2026 21:08:25 UTC] API: Script iniciado.
[02-Feb-2026 21:08:25 UTC] API: PHPMailer Exception.php carregado com sucesso.
[02-Feb-2026 21:08:25 UTC] API: PHPMailer PHPMailer.php carregado com sucesso.
[02-Feb-2026 21:08:25 UTC] API: PHPMailer SMTP.php carregado com sucesso.
[02-Feb-2026 18:08:25 America/Sao_Paulo] API: config.php carregado com sucesso.
[02-Feb-2026 18:08:25 America/Sao_Paulo] API: Ação recebida: get_dashboard_data
[02-Feb-2026 21:09:39 UTC] API: Script iniciado.
[02-Feb-2026 21:09:39 UTC] API: PHPMailer Exception.php carregado com sucesso.
[02-Feb-2026 21:09:39 UTC] API: PHPMailer PHPMailer.php carregado com sucesso.
[02-Feb-2026 21:09:39 UTC] API: PHPMailer SMTP.php carregado com sucesso.
[02-Feb-2026 18:09:39 America/Sao_Paulo] API: config.php carregado com sucesso.
[02-Feb-2026 18:09:39 America/Sao_Paulo] API: Ação recebida: get_member_exclusive_offers
[02-Feb-2026 21:10:00 UTC] API: Script iniciado.
[02-Feb-2026 21:10:00 UTC] API: PHPMailer Exception.php carregado com sucesso.
[02-Feb-2026 21:10:00 UTC] API: PHPMailer PHPMailer.php carregado com sucesso.
[02-Feb-2026 21:10:00 UTC] API: PHPMailer SMTP.php carregado com sucesso.
[02-Feb-2026 18:10:00 America/Sao_Paulo] API: config.php carregado com sucesso.
[02-Feb-2026 18:10:00 America/Sao_Paulo] API: Ação recebida: get_dashboard_data
[02-Feb-2026 21:11:04 UTC] API: Script iniciado.
[02-Feb-2026 21:11:04 UTC] API: PHPMailer Exception.php carregado com sucesso.
[02-Feb-2026 21:11:04 UTC] API: PHPMailer PHPMailer.php carregado com sucesso.
[02-Feb-2026 21:11:04 UTC] API: PHPMailer SMTP.php carregado com sucesso.
[02-Feb-2026 18:11:04 America/Sao_Paulo] API: config.php carregado com sucesso.
[02-Feb-2026 18:11:04 America/Sao_Paulo] API: Ação recebida: get_member_exclusive_offers
[02-Feb-2026 21:11:17 UTC] API: Script iniciado.
[02-Feb-2026 21:11:17 UTC] API: PHPMailer Exception.php carregado com sucesso.
[02-Feb-2026 21:11:17 UTC] API: PHPMailer PHPMailer.php carregado com sucesso.
[02-Feb-2026 21:11:17 UTC] API: PHPMailer SMTP.php carregado com sucesso.
[02-Feb-2026 18:11:17 America/Sao_Paulo] API: config.php carregado com sucesso.
[02-Feb-2026 18:11:17 America/Sao_Paulo] API: Ação recebida: get_member_exclusive_offers
[02-Feb-2026 21:11:27 UTC] API: Script iniciado.
[02-Feb-2026 21:11:27 UTC] API: PHPMailer Exception.php carregado com sucesso.
[02-Feb-2026 21:11:27 UTC] API: PHPMailer PHPMailer.php carregado com sucesso.
[02-Feb-2026 21:11:27 UTC] API: PHPMailer SMTP.php carregado com sucesso.
[02-Feb-2026 18:11:27 America/Sao_Paulo] API: config.php carregado com sucesso.
[02-Feb-2026 18:11:27 America/Sao_Paulo] API: Ação recebida: get_dashboard_data
[02-Feb-2026 21:12:19 UTC] API: Script iniciado.
[02-Feb-2026 21:12:19 UTC] API: PHPMailer Exception.php carregado com sucesso.
[02-Feb-2026 21:12:19 UTC] API: PHPMailer PHPMailer.php carregado com sucesso.
[02-Feb-2026 21:12:19 UTC] API: PHPMailer SMTP.php carregado com sucesso.
[02-Feb-2026 18:12:19 America/Sao_Paulo] API: config.php carregado com sucesso.
[02-Feb-2026 18:12:19 America/Sao_Paulo] API: Ação recebida: get_member_exclusive_offers
[02-Feb-2026 21:12:29 UTC] API: Script iniciado.
[02-Feb-2026 21:12:29 UTC] API: PHPMailer Exception.php carregado com sucesso.
[02-Feb-2026 21:12:29 UTC] API: PHPMailer PHPMailer.php carregado com sucesso.
[02-Feb-2026 21:12:29 UTC] API: PHPMailer SMTP.php carregado com sucesso.
[02-Feb-2026 18:12:29 America/Sao_Paulo] API: config.php carregado com sucesso.
[02-Feb-2026 18:12:29 America/Sao_Paulo] API: Ação recebida: get_dashboard_data
[02-Feb-2026 21:16:15 UTC] API: Script iniciado.
[02-Feb-2026 21:16:15 UTC] API: PHPMailer Exception.php carregado com sucesso.
[02-Feb-2026 21:16:15 UTC] API: PHPMailer PHPMailer.php carregado com sucesso.
[02-Feb-2026 21:16:15 UTC] API: PHPMailer SMTP.php carregado com sucesso.
[02-Feb-2026 18:16:15 America/Sao_Paulo] API: config.php carregado com sucesso.
[02-Feb-2026 18:16:15 America/Sao_Paulo] API: Ação recebida: get_member_exclusive_offers
[02-Feb-2026 21:18:53 UTC] API: Script iniciado.
[02-Feb-2026 21:18:53 UTC] API: PHPMailer Exception.php carregado com sucesso.
[02-Feb-2026 21:18:53 UTC] API: PHPMailer PHPMailer.php carregado com sucesso.
[02-Feb-2026 21:18:53 UTC] API: PHPMailer SMTP.php carregado com sucesso.
[02-Feb-2026 18:18:53 America/Sao_Paulo] API: config.php carregado com sucesso.
[02-Feb-2026 18:18:53 America/Sao_Paulo] API: Ação recebida: get_member_exclusive_offers
[02-Feb-2026 21:19:01 UTC] API: Script iniciado.
[02-Feb-2026 21:19:01 UTC] API: PHPMailer Exception.php carregado com sucesso.
[02-Feb-2026 21:19:01 UTC] API: PHPMailer PHPMailer.php carregado com sucesso.
[02-Feb-2026 21:19:01 UTC] API: PHPMailer SMTP.php carregado com sucesso.
[02-Feb-2026 18:19:01 America/Sao_Paulo] API: config.php carregado com sucesso.
[02-Feb-2026 18:19:01 America/Sao_Paulo] API: Ação recebida: get_dashboard_data
[02-Feb-2026 21:19:20 UTC] API: Script iniciado.
[02-Feb-2026 21:19:20 UTC] API: PHPMailer Exception.php carregado com sucesso.
[02-Feb-2026 21:19:20 UTC] API: PHPMailer PHPMailer.php carregado com sucesso.
[02-Feb-2026 21:19:20 UTC] API: PHPMailer SMTP.php carregado com sucesso.
[02-Feb-2026 18:19:21 America/Sao_Paulo] API: config.php carregado com sucesso.
[02-Feb-2026 18:19:21 America/Sao_Paulo] API: Ação recebida: get_member_exclusive_offers
[02-Feb-2026 21:19:27 UTC] API: Script iniciado.
[02-Feb-2026 21:19:27 UTC] API: PHPMailer Exception.php carregado com sucesso.
[02-Feb-2026 21:19:27 UTC] API: PHPMailer PHPMailer.php carregado com sucesso.
[02-Feb-2026 21:19:27 UTC] API: PHPMailer SMTP.php carregado com sucesso.
[02-Feb-2026 18:19:27 America/Sao_Paulo] API: config.php carregado com sucesso.
[02-Feb-2026 18:19:27 America/Sao_Paulo] API: Ação recebida: get_dashboard_data
[02-Feb-2026 21:20:18 UTC] API: Script iniciado.
[02-Feb-2026 21:20:18 UTC] API: PHPMailer Exception.php carregado com sucesso.
[02-Feb-2026 21:20:18 UTC] API: PHPMailer PHPMailer.php carregado com sucesso.
[02-Feb-2026 21:20:18 UTC] API: PHPMailer SMTP.php carregado com sucesso.
[02-Feb-2026 18:20:18 America/Sao_Paulo] API: config.php carregado com sucesso.
[02-Feb-2026 18:20:18 America/Sao_Paulo] API: Ação recebida: get_dashboard_data
[02-Feb-2026 21:20:26 UTC] API: Script iniciado.
[02-Feb-2026 21:20:26 UTC] API: PHPMailer Exception.php carregado com sucesso.
[02-Feb-2026 21:20:26 UTC] API: PHPMailer PHPMailer.php carregado com sucesso.
[02-Feb-2026 21:20:26 UTC] API: PHPMailer SMTP.php carregado com sucesso.
[02-Feb-2026 18:20:26 America/Sao_Paulo] API: config.php carregado com sucesso.
[02-Feb-2026 18:20:26 America/Sao_Paulo] API: Ação recebida: get_member_exclusive_offers
[02-Feb-2026 21:20:44 UTC] API: Script iniciado.
[02-Feb-2026 21:20:44 UTC] API: PHPMailer Exception.php carregado com sucesso.
[02-Feb-2026 21:20:44 UTC] API: PHPMailer PHPMailer.php carregado com sucesso.
[02-Feb-2026 21:20:44 UTC] API: PHPMailer SMTP.php carregado com sucesso.
[02-Feb-2026 18:20:44 America/Sao_Paulo] API: config.php carregado com sucesso.
[02-Feb-2026 18:20:44 America/Sao_Paulo] API: Ação recebida: get_member_exclusive_offers
[02-Feb-2026 21:22:06 UTC] API: Script iniciado.
[02-Feb-2026 21:22:06 UTC] API: PHPMailer Exception.php carregado com sucesso.
[02-Feb-2026 21:22:06 UTC] API: PHPMailer PHPMailer.php carregado com sucesso.
[02-Feb-2026 21:22:06 UTC] API: PHPMailer SMTP.php carregado com sucesso.
[02-Feb-2026 18:22:06 America/Sao_Paulo] API: config.php carregado com sucesso.
[02-Feb-2026 18:22:06 America/Sao_Paulo] API: Ação recebida: get_dashboard_data
[02-Feb-2026 21:23:16 UTC] API: Script iniciado.
[02-Feb-2026 21:23:16 UTC] API: PHPMailer Exception.php carregado com sucesso.
[02-Feb-2026 21:23:16 UTC] API: PHPMailer PHPMailer.php carregado com sucesso.
[02-Feb-2026 21:23:16 UTC] API: PHPMailer SMTP.php carregado com sucesso.
[02-Feb-2026 18:23:16 America/Sao_Paulo] API: config.php carregado com sucesso.
[02-Feb-2026 18:23:16 America/Sao_Paulo] API: Ação recebida: get_member_exclusive_offers
[02-Feb-2026 21:24:36 UTC] API: Script iniciado.
[02-Feb-2026 21:24:36 UTC] API: PHPMailer Exception.php carregado com sucesso.
[02-Feb-2026 21:24:36 UTC] API: PHPMailer PHPMailer.php carregado com sucesso.
[02-Feb-2026 21:24:36 UTC] API: PHPMailer SMTP.php carregado com sucesso.
[02-Feb-2026 18:24:36 America/Sao_Paulo] API: config.php carregado com sucesso.
[02-Feb-2026 18:24:36 America/Sao_Paulo] API: Ação recebida: get_dashboard_data
[02-Feb-2026 21:29:24 UTC] API: Script iniciado.
[02-Feb-2026 21:29:24 UTC] API: PHPMailer Exception.php carregado com sucesso.
[02-Feb-2026 21:29:24 UTC] API: PHPMailer PHPMailer.php carregado com sucesso.
[02-Feb-2026 21:29:24 UTC] API: PHPMailer SMTP.php carregado com sucesso.
[02-Feb-2026 18:29:24 America/Sao_Paulo] API: config.php carregado com sucesso.
[02-Feb-2026 18:29:24 America/Sao_Paulo] API: Ação recebida: get_member_exclusive_offers
[02-Feb-2026 21:29:34 UTC] API: Script iniciado.
[02-Feb-2026 21:29:34 UTC] API: PHPMailer Exception.php carregado com sucesso.
[02-Feb-2026 21:29:34 UTC] API: PHPMailer PHPMailer.php carregado com sucesso.
[02-Feb-2026 21:29:34 UTC] API: PHPMailer SMTP.php carregado com sucesso.
[02-Feb-2026 18:29:34 America/Sao_Paulo] API: config.php carregado com sucesso.
[02-Feb-2026 18:29:34 America/Sao_Paulo] API: Ação recebida: get_dashboard_data
[02-Feb-2026 21:29:55 UTC] API: Script iniciado.
[02-Feb-2026 21:29:55 UTC] API: PHPMailer Exception.php carregado com sucesso.
[02-Feb-2026 21:29:55 UTC] API: PHPMailer PHPMailer.php carregado com sucesso.
[02-Feb-2026 21:29:55 UTC] API: PHPMailer SMTP.php carregado com sucesso.
[02-Feb-2026 18:29:55 America/Sao_Paulo] API: config.php carregado com sucesso.
[02-Feb-2026 18:29:55 America/Sao_Paulo] API: Ação recebida: get_dashboard_data
[02-Feb-2026 21:29:58 UTC] API: Script iniciado.
[02-Feb-2026 21:29:58 UTC] API: PHPMailer Exception.php carregado com sucesso.
[02-Feb-2026 21:29:58 UTC] API: PHPMailer PHPMailer.php carregado com sucesso.
[02-Feb-2026 21:29:58 UTC] API: PHPMailer SMTP.php carregado com sucesso.
[02-Feb-2026 18:29:58 America/Sao_Paulo] API: config.php carregado com sucesso.
[02-Feb-2026 18:29:58 America/Sao_Paulo] API: Ação recebida: get_vendas
[02-Feb-2026 21:30:05 UTC] API: Script iniciado.
[02-Feb-2026 21:30:05 UTC] API: PHPMailer Exception.php carregado com sucesso.
[02-Feb-2026 21:30:05 UTC] API: PHPMailer PHPMailer.php carregado com sucesso.
[02-Feb-2026 21:30:05 UTC] API: PHPMailer SMTP.php carregado com sucesso.
[02-Feb-2026 18:30:05 America/Sao_Paulo] API: config.php carregado com sucesso.
[02-Feb-2026 18:30:05 America/Sao_Paulo] API: Ação recebida: get_member_exclusive_offers
[02-Feb-2026 21:30:21 UTC] API: Script iniciado.
[02-Feb-2026 21:30:21 UTC] API: PHPMailer Exception.php carregado com sucesso.
[02-Feb-2026 21:30:21 UTC] API: PHPMailer PHPMailer.php carregado com sucesso.
[02-Feb-2026 21:30:21 UTC] API: PHPMailer SMTP.php carregado com sucesso.
[02-Feb-2026 18:30:21 America/Sao_Paulo] API: config.php carregado com sucesso.
[02-Feb-2026 18:30:21 America/Sao_Paulo] API: Ação recebida: get_dashboard_data
[02-Feb-2026 21:34:33 UTC] API: Script iniciado.
[02-Feb-2026 21:34:33 UTC] API: PHPMailer Exception.php carregado com sucesso.
[02-Feb-2026 21:34:33 UTC] API: PHPMailer PHPMailer.php carregado com sucesso.
[02-Feb-2026 21:34:33 UTC] API: PHPMailer SMTP.php carregado com sucesso.
[02-Feb-2026 18:34:33 America/Sao_Paulo] API: config.php carregado com sucesso.
[02-Feb-2026 18:34:33 America/Sao_Paulo] API: Ação recebida: get_dashboard_data
[02-Feb-2026 21:35:22 UTC] API: Script iniciado.
[02-Feb-2026 21:35:22 UTC] API: PHPMailer Exception.php carregado com sucesso.
[02-Feb-2026 21:35:22 UTC] API: PHPMailer PHPMailer.php carregado com sucesso.
[02-Feb-2026 21:35:22 UTC] API: PHPMailer SMTP.php carregado com sucesso.
[02-Feb-2026 18:35:22 America/Sao_Paulo] API: config.php carregado com sucesso.
[02-Feb-2026 18:35:22 America/Sao_Paulo] API: Ação recebida: get_dashboard_data
[02-Feb-2026 21:35:30 UTC] API: Script iniciado.
[02-Feb-2026 21:35:30 UTC] API: PHPMailer Exception.php carregado com sucesso.
[02-Feb-2026 21:35:30 UTC] API: PHPMailer PHPMailer.php carregado com sucesso.
[02-Feb-2026 21:35:30 UTC] API: PHPMailer SMTP.php carregado com sucesso.
[02-Feb-2026 18:35:30 America/Sao_Paulo] API: config.php carregado com sucesso.
[02-Feb-2026 18:35:30 America/Sao_Paulo] API: Ação recebida: get_member_exclusive_offers
[02-Feb-2026 21:35:48 UTC] API: Script iniciado.
[02-Feb-2026 21:35:48 UTC] API: PHPMailer Exception.php carregado com sucesso.
[02-Feb-2026 21:35:48 UTC] API: PHPMailer PHPMailer.php carregado com sucesso.
[02-Feb-2026 21:35:48 UTC] API: PHPMailer SMTP.php carregado com sucesso.
[02-Feb-2026 18:35:48 America/Sao_Paulo] API: config.php carregado com sucesso.
[02-Feb-2026 18:35:48 America/Sao_Paulo] API: Ação recebida: get_dashboard_data
[02-Feb-2026 21:36:04 UTC] API: Script iniciado.
[02-Feb-2026 21:36:04 UTC] API: PHPMailer Exception.php carregado com sucesso.
[02-Feb-2026 21:36:04 UTC] API: PHPMailer PHPMailer.php carregado com sucesso.
[02-Feb-2026 21:36:04 UTC] API: PHPMailer SMTP.php carregado com sucesso.
[02-Feb-2026 18:36:04 America/Sao_Paulo] API: config.php carregado com sucesso.
[02-Feb-2026 18:36:04 America/Sao_Paulo] API: Ação recebida: get_member_exclusive_offers
[02-Feb-2026 21:36:17 UTC] API: Script iniciado.
[02-Feb-2026 21:36:17 UTC] API: PHPMailer Exception.php carregado com sucesso.
[02-Feb-2026 21:36:17 UTC] API: PHPMailer PHPMailer.php carregado com sucesso.
[02-Feb-2026 21:36:17 UTC] API: PHPMailer SMTP.php carregado com sucesso.
[02-Feb-2026 18:36:17 America/Sao_Paulo] API: config.php carregado com sucesso.
[02-Feb-2026 18:36:17 America/Sao_Paulo] API: Ação recebida: get_dashboard_data
[02-Feb-2026 21:36:36 UTC] API: Script iniciado.
[02-Feb-2026 21:36:36 UTC] API: PHPMailer Exception.php carregado com sucesso.
[02-Feb-2026 21:36:36 UTC] API: PHPMailer PHPMailer.php carregado com sucesso.
[02-Feb-2026 21:36:36 UTC] API: PHPMailer SMTP.php carregado com sucesso.
[02-Feb-2026 18:36:36 America/Sao_Paulo] API: config.php carregado com sucesso.
[02-Feb-2026 18:36:36 America/Sao_Paulo] API: Ação recebida: get_member_exclusive_offers
[02-Feb-2026 21:36:57 UTC] API: Script iniciado.
[02-Feb-2026 21:36:57 UTC] API: PHPMailer Exception.php carregado com sucesso.
[02-Feb-2026 21:36:57 UTC] API: PHPMailer PHPMailer.php carregado com sucesso.
[02-Feb-2026 21:36:57 UTC] API: PHPMailer SMTP.php carregado com sucesso.
[02-Feb-2026 18:36:57 America/Sao_Paulo] API: config.php carregado com sucesso.
[02-Feb-2026 18:36:57 America/Sao_Paulo] API: Ação recebida: get_dashboard_data
[02-Feb-2026 21:37:17 UTC] API: Script iniciado.
[02-Feb-2026 21:37:17 UTC] API: PHPMailer Exception.php carregado com sucesso.
[02-Feb-2026 21:37:17 UTC] API: PHPMailer PHPMailer.php carregado com sucesso.
[02-Feb-2026 21:37:17 UTC] API: PHPMailer SMTP.php carregado com sucesso.
[02-Feb-2026 18:37:17 America/Sao_Paulo] API: config.php carregado com sucesso.
[02-Feb-2026 18:37:17 America/Sao_Paulo] API: Ação recebida: get_dashboard_data
[02-Feb-2026 21:37:28 UTC] API: Script iniciado.
[02-Feb-2026 21:37:28 UTC] API: PHPMailer Exception.php carregado com sucesso.
[02-Feb-2026 21:37:28 UTC] API: PHPMailer PHPMailer.php carregado com sucesso.
[02-Feb-2026 21:37:28 UTC] API: PHPMailer SMTP.php carregado com sucesso.
[02-Feb-2026 18:37:28 America/Sao_Paulo] API: config.php carregado com sucesso.
[02-Feb-2026 18:37:28 America/Sao_Paulo] API: Ação recebida: get_member_exclusive_offers
[02-Feb-2026 21:38:29 UTC] API: Script iniciado.
[02-Feb-2026 21:38:29 UTC] API: PHPMailer Exception.php carregado com sucesso.
[02-Feb-2026 21:38:29 UTC] API: PHPMailer PHPMailer.php carregado com sucesso.
[02-Feb-2026 21:38:29 UTC] API: PHPMailer SMTP.php carregado com sucesso.
[02-Feb-2026 18:38:29 America/Sao_Paulo] API: config.php carregado com sucesso.
[02-Feb-2026 18:38:29 America/Sao_Paulo] API: Ação recebida: get_dashboard_data
[02-Feb-2026 21:40:57 UTC] API: Script iniciado.
[02-Feb-2026 21:40:57 UTC] API: PHPMailer Exception.php carregado com sucesso.
[02-Feb-2026 21:40:57 UTC] API: PHPMailer PHPMailer.php carregado com sucesso.
[02-Feb-2026 21:40:57 UTC] API: PHPMailer SMTP.php carregado com sucesso.
[02-Feb-2026 18:40:57 America/Sao_Paulo] API: config.php carregado com sucesso.
[02-Feb-2026 18:40:57 America/Sao_Paulo] API: Ação recebida: get_member_exclusive_offers
[02-Feb-2026 22:21:14 UTC] API: Script iniciado.
[02-Feb-2026 22:21:14 UTC] API: PHPMailer Exception.php carregado com sucesso.
[02-Feb-2026 22:21:14 UTC] API: PHPMailer PHPMailer.php carregado com sucesso.
[02-Feb-2026 22:21:14 UTC] API: PHPMailer SMTP.php carregado com sucesso.
[02-Feb-2026 19:21:14 America/Sao_Paulo] API: config.php carregado com sucesso.
[02-Feb-2026 19:21:14 America/Sao_Paulo] API: Ação recebida: get_member_exclusive_offers
[02-Feb-2026 22:34:16 UTC] API: Script iniciado.
[02-Feb-2026 22:34:16 UTC] API: PHPMailer Exception.php carregado com sucesso.
[02-Feb-2026 22:34:16 UTC] API: PHPMailer PHPMailer.php carregado com sucesso.
[02-Feb-2026 22:34:16 UTC] API: PHPMailer SMTP.php carregado com sucesso.
[02-Feb-2026 19:34:16 America/Sao_Paulo] API: config.php carregado com sucesso.
[02-Feb-2026 19:34:16 America/Sao_Paulo] API: Ação recebida: get_member_exclusive_offers
[02-Feb-2026 22:45:56 UTC] API: Script iniciado.
[02-Feb-2026 22:45:56 UTC] API: PHPMailer Exception.php carregado com sucesso.
[02-Feb-2026 22:45:56 UTC] API: PHPMailer PHPMailer.php carregado com sucesso.
[02-Feb-2026 22:45:56 UTC] API: PHPMailer SMTP.php carregado com sucesso.
[02-Feb-2026 19:45:56 America/Sao_Paulo] API: config.php carregado com sucesso.
[02-Feb-2026 19:45:56 America/Sao_Paulo] API: Ação recebida: get_member_exclusive_offers
[02-Feb-2026 22:46:10 UTC] API: Script iniciado.
[02-Feb-2026 22:46:10 UTC] API: PHPMailer Exception.php carregado com sucesso.
[02-Feb-2026 22:46:10 UTC] API: PHPMailer PHPMailer.php carregado com sucesso.
[02-Feb-2026 22:46:10 UTC] API: PHPMailer SMTP.php carregado com sucesso.
[02-Feb-2026 19:46:10 America/Sao_Paulo] API: config.php carregado com sucesso.
[02-Feb-2026 19:46:10 America/Sao_Paulo] API: Ação recebida: get_member_exclusive_offers
[02-Feb-2026 23:11:05 UTC] API: Script iniciado.
[02-Feb-2026 23:11:05 UTC] API: PHPMailer Exception.php carregado com sucesso.
[02-Feb-2026 23:11:05 UTC] API: PHPMailer PHPMailer.php carregado com sucesso.
[02-Feb-2026 23:11:05 UTC] API: PHPMailer SMTP.php carregado com sucesso.
[02-Feb-2026 20:11:05 America/Sao_Paulo] API: config.php carregado com sucesso.
[02-Feb-2026 20:11:05 America/Sao_Paulo] API: Ação recebida: get_dashboard_data
[02-Feb-2026 23:12:06 UTC] API: Script iniciado.
[02-Feb-2026 23:12:06 UTC] API: PHPMailer Exception.php carregado com sucesso.
[02-Feb-2026 23:12:06 UTC] API: PHPMailer PHPMailer.php carregado com sucesso.
[02-Feb-2026 23:12:06 UTC] API: PHPMailer SMTP.php carregado com sucesso.
[02-Feb-2026 20:12:06 America/Sao_Paulo] API: config.php carregado com sucesso.
[02-Feb-2026 20:12:06 America/Sao_Paulo] API: Ação recebida: get_member_exclusive_offers
[02-Feb-2026 23:12:24 UTC] API: Script iniciado.
[02-Feb-2026 23:12:24 UTC] API: PHPMailer Exception.php carregado com sucesso.
[02-Feb-2026 23:12:24 UTC] API: PHPMailer PHPMailer.php carregado com sucesso.
[02-Feb-2026 23:12:24 UTC] API: PHPMailer SMTP.php carregado com sucesso.
[02-Feb-2026 20:12:24 America/Sao_Paulo] API: config.php carregado com sucesso.
[02-Feb-2026 20:12:24 America/Sao_Paulo] API: Ação recebida: get_dashboard_data
[02-Feb-2026 23:13:05 UTC] API: Script iniciado.
[02-Feb-2026 23:13:05 UTC] API: PHPMailer Exception.php carregado com sucesso.
[02-Feb-2026 23:13:05 UTC] API: PHPMailer PHPMailer.php carregado com sucesso.
[02-Feb-2026 23:13:05 UTC] API: PHPMailer SMTP.php carregado com sucesso.
[02-Feb-2026 20:13:05 America/Sao_Paulo] API: config.php carregado com sucesso.
[02-Feb-2026 20:13:05 America/Sao_Paulo] API: Ação recebida: get_member_exclusive_offers
[02-Feb-2026 23:26:32 UTC] API: Script iniciado.
[02-Feb-2026 23:26:32 UTC] API: PHPMailer Exception.php carregado com sucesso.
[02-Feb-2026 23:26:32 UTC] API: PHPMailer PHPMailer.php carregado com sucesso.
[02-Feb-2026 23:26:32 UTC] API: PHPMailer SMTP.php carregado com sucesso.
[02-Feb-2026 20:26:32 America/Sao_Paulo] API: config.php carregado com sucesso.
[02-Feb-2026 20:26:32 America/Sao_Paulo] API: Ação recebida: get_dashboard_data
[02-Feb-2026 23:53:26 UTC] API: Script iniciado.
[02-Feb-2026 23:53:26 UTC] API: PHPMailer Exception.php carregado com sucesso.
[02-Feb-2026 23:53:26 UTC] API: PHPMailer PHPMailer.php carregado com sucesso.
[02-Feb-2026 23:53:26 UTC] API: PHPMailer SMTP.php carregado com sucesso.
[02-Feb-2026 20:53:26 America/Sao_Paulo] API: config.php carregado com sucesso.
[02-Feb-2026 20:53:26 America/Sao_Paulo] API: Ação recebida: get_member_exclusive_offers
[02-Feb-2026 23:53:26 UTC] API: Script iniciado.
[02-Feb-2026 23:53:26 UTC] API: PHPMailer Exception.php carregado com sucesso.
[02-Feb-2026 23:53:26 UTC] API: PHPMailer PHPMailer.php carregado com sucesso.
[02-Feb-2026 23:53:26 UTC] API: PHPMailer SMTP.php carregado com sucesso.
[02-Feb-2026 20:53:26 America/Sao_Paulo] API: config.php carregado com sucesso.
[02-Feb-2026 20:53:26 America/Sao_Paulo] API: Ação recebida: get_member_exclusive_offers
[02-Feb-2026 23:55:40 UTC] API: Script iniciado.
[02-Feb-2026 23:55:40 UTC] API: PHPMailer Exception.php carregado com sucesso.
[02-Feb-2026 23:55:40 UTC] API: PHPMailer PHPMailer.php carregado com sucesso.
[02-Feb-2026 23:55:40 UTC] API: PHPMailer SMTP.php carregado com sucesso.
[02-Feb-2026 20:55:40 America/Sao_Paulo] API: config.php carregado com sucesso.
[02-Feb-2026 20:55:40 America/Sao_Paulo] API: Ação recebida: get_member_exclusive_offers
[02-Feb-2026 23:55:55 UTC] API: Script iniciado.
[02-Feb-2026 23:55:55 UTC] API: PHPMailer Exception.php carregado com sucesso.
[02-Feb-2026 23:55:55 UTC] API: PHPMailer PHPMailer.php carregado com sucesso.
[02-Feb-2026 23:55:55 UTC] API: PHPMailer SMTP.php carregado com sucesso.
[02-Feb-2026 20:55:55 America/Sao_Paulo] API: config.php carregado com sucesso.
[02-Feb-2026 20:55:55 America/Sao_Paulo] API: Ação recebida: get_member_exclusive_offers
[02-Feb-2026 23:59:31 UTC] API: Script iniciado.
[02-Feb-2026 23:59:31 UTC] API: PHPMailer Exception.php carregado com sucesso.
[02-Feb-2026 23:59:31 UTC] API: PHPMailer PHPMailer.php carregado com sucesso.
[02-Feb-2026 23:59:31 UTC] API: PHPMailer SMTP.php carregado com sucesso.
[02-Feb-2026 20:59:31 America/Sao_Paulo] API: config.php carregado com sucesso.
[02-Feb-2026 20:59:31 America/Sao_Paulo] API: Ação recebida: get_member_exclusive_offers
[03-Feb-2026 00:19:00 UTC] API: Script iniciado.
[03-Feb-2026 00:19:00 UTC] API: PHPMailer Exception.php carregado com sucesso.
[03-Feb-2026 00:19:00 UTC] API: PHPMailer PHPMailer.php carregado com sucesso.
[03-Feb-2026 00:19:00 UTC] API: PHPMailer SMTP.php carregado com sucesso.
[02-Feb-2026 21:19:00 America/Sao_Paulo] API: config.php carregado com sucesso.
[02-Feb-2026 21:19:00 America/Sao_Paulo] API: Ação recebida: get_member_exclusive_offers
[03-Feb-2026 00:19:27 UTC] API: Script iniciado.
[03-Feb-2026 00:19:27 UTC] API: PHPMailer Exception.php carregado com sucesso.
[03-Feb-2026 00:19:27 UTC] API: PHPMailer PHPMailer.php carregado com sucesso.
[03-Feb-2026 00:19:27 UTC] API: PHPMailer SMTP.php carregado com sucesso.
[02-Feb-2026 21:19:27 America/Sao_Paulo] API: config.php carregado com sucesso.
[02-Feb-2026 21:19:27 America/Sao_Paulo] API: Ação recebida: get_member_exclusive_offers
[03-Feb-2026 00:20:55 UTC] API: Script iniciado.
[03-Feb-2026 00:20:55 UTC] API: PHPMailer Exception.php carregado com sucesso.
[03-Feb-2026 00:20:55 UTC] API: PHPMailer PHPMailer.php carregado com sucesso.
[03-Feb-2026 00:20:55 UTC] API: PHPMailer SMTP.php carregado com sucesso.
[02-Feb-2026 21:20:55 America/Sao_Paulo] API: config.php carregado com sucesso.
[02-Feb-2026 21:20:55 America/Sao_Paulo] API: Ação recebida: get_member_exclusive_offers
[03-Feb-2026 00:20:59 UTC] API: Script iniciado.
[03-Feb-2026 00:20:59 UTC] API: PHPMailer Exception.php carregado com sucesso.
[03-Feb-2026 00:20:59 UTC] API: PHPMailer PHPMailer.php carregado com sucesso.
[03-Feb-2026 00:20:59 UTC] API: PHPMailer SMTP.php carregado com sucesso.
[02-Feb-2026 21:20:59 America/Sao_Paulo] API: config.php carregado com sucesso.
[02-Feb-2026 21:20:59 America/Sao_Paulo] API: Ação recebida: get_member_exclusive_offers
[03-Feb-2026 00:23:12 UTC] API: Script iniciado.
[03-Feb-2026 00:23:12 UTC] API: PHPMailer Exception.php carregado com sucesso.
[03-Feb-2026 00:23:12 UTC] API: PHPMailer PHPMailer.php carregado com sucesso.
[03-Feb-2026 00:23:12 UTC] API: PHPMailer SMTP.php carregado com sucesso.
[02-Feb-2026 21:23:12 America/Sao_Paulo] API: config.php carregado com sucesso.
[02-Feb-2026 21:23:12 America/Sao_Paulo] API: Ação recebida: get_member_exclusive_offers
[03-Feb-2026 00:26:19 UTC] API: Script iniciado.
[03-Feb-2026 00:26:19 UTC] API: PHPMailer Exception.php carregado com sucesso.
[03-Feb-2026 00:26:19 UTC] API: PHPMailer PHPMailer.php carregado com sucesso.
[03-Feb-2026 00:26:19 UTC] API: PHPMailer SMTP.php carregado com sucesso.
[02-Feb-2026 21:26:19 America/Sao_Paulo] API: config.php carregado com sucesso.
[02-Feb-2026 21:26:19 America/Sao_Paulo] API: Ação recebida: get_member_exclusive_offers
[03-Feb-2026 00:26:31 UTC] API: Script iniciado.
[03-Feb-2026 00:26:31 UTC] API: PHPMailer Exception.php carregado com sucesso.
[03-Feb-2026 00:26:31 UTC] API: PHPMailer PHPMailer.php carregado com sucesso.
[03-Feb-2026 00:26:31 UTC] API: PHPMailer SMTP.php carregado com sucesso.
[02-Feb-2026 21:26:31 America/Sao_Paulo] API: config.php carregado com sucesso.
[02-Feb-2026 21:26:31 America/Sao_Paulo] API: Ação recebida: get_dashboard_data
[03-Feb-2026 00:27:55 UTC] API: Script iniciado.
[03-Feb-2026 00:27:55 UTC] API: PHPMailer Exception.php carregado com sucesso.
[03-Feb-2026 00:27:55 UTC] API: PHPMailer PHPMailer.php carregado com sucesso.
[03-Feb-2026 00:27:55 UTC] API: PHPMailer SMTP.php carregado com sucesso.
[02-Feb-2026 21:27:55 America/Sao_Paulo] API: config.php carregado com sucesso.
[02-Feb-2026 21:27:55 America/Sao_Paulo] API: Ação recebida: get_member_exclusive_offers
[03-Feb-2026 00:28:34 UTC] API: Script iniciado.
[03-Feb-2026 00:28:34 UTC] API: PHPMailer Exception.php carregado com sucesso.
[03-Feb-2026 00:28:34 UTC] API: PHPMailer PHPMailer.php carregado com sucesso.
[03-Feb-2026 00:28:34 UTC] API: PHPMailer SMTP.php carregado com sucesso.
[02-Feb-2026 21:28:34 America/Sao_Paulo] API: config.php carregado com sucesso.
[02-Feb-2026 21:28:34 America/Sao_Paulo] API: Ação recebida: get_member_exclusive_offers
[03-Feb-2026 00:31:32 UTC] API: Script iniciado.
[03-Feb-2026 00:31:32 UTC] API: PHPMailer Exception.php carregado com sucesso.
[03-Feb-2026 00:31:32 UTC] API: PHPMailer PHPMailer.php carregado com sucesso.
[03-Feb-2026 00:31:32 UTC] API: PHPMailer SMTP.php carregado com sucesso.
[02-Feb-2026 21:31:32 America/Sao_Paulo] API: config.php carregado com sucesso.
[02-Feb-2026 21:31:32 America/Sao_Paulo] API: Ação recebida: get_member_exclusive_offers
[03-Feb-2026 00:31:35 UTC] API: Script iniciado.
[03-Feb-2026 00:31:35 UTC] API: PHPMailer Exception.php carregado com sucesso.
[03-Feb-2026 00:31:35 UTC] API: PHPMailer PHPMailer.php carregado com sucesso.
[03-Feb-2026 00:31:35 UTC] API: PHPMailer SMTP.php carregado com sucesso.
[02-Feb-2026 21:31:35 America/Sao_Paulo] API: config.php carregado com sucesso.
[02-Feb-2026 21:31:35 America/Sao_Paulo] API: Ação recebida: get_member_exclusive_offers
[03-Feb-2026 00:31:55 UTC] API: Script iniciado.
[03-Feb-2026 00:31:55 UTC] API: PHPMailer Exception.php carregado com sucesso.
[03-Feb-2026 00:31:55 UTC] API: PHPMailer PHPMailer.php carregado com sucesso.
[03-Feb-2026 00:31:55 UTC] API: PHPMailer SMTP.php carregado com sucesso.
[02-Feb-2026 21:31:55 America/Sao_Paulo] API: config.php carregado com sucesso.
[02-Feb-2026 21:31:55 America/Sao_Paulo] API: Ação recebida: get_member_exclusive_offers
[03-Feb-2026 00:32:22 UTC] API: Script iniciado.
[03-Feb-2026 00:32:22 UTC] API: PHPMailer Exception.php carregado com sucesso.
[03-Feb-2026 00:32:22 UTC] API: PHPMailer PHPMailer.php carregado com sucesso.
[03-Feb-2026 00:32:22 UTC] API: PHPMailer SMTP.php carregado com sucesso.
[02-Feb-2026 21:32:22 America/Sao_Paulo] API: config.php carregado com sucesso.
[02-Feb-2026 21:32:22 America/Sao_Paulo] API: Ação recebida: get_member_exclusive_offers
[03-Feb-2026 00:32:27 UTC] API: Script iniciado.
[03-Feb-2026 00:32:27 UTC] API: PHPMailer Exception.php carregado com sucesso.
[03-Feb-2026 00:32:27 UTC] API: PHPMailer PHPMailer.php carregado com sucesso.
[03-Feb-2026 00:32:27 UTC] API: PHPMailer SMTP.php carregado com sucesso.
[02-Feb-2026 21:32:27 America/Sao_Paulo] API: config.php carregado com sucesso.
[02-Feb-2026 21:32:27 America/Sao_Paulo] API: Ação recebida: get_member_exclusive_offers
[03-Feb-2026 00:40:06 UTC] API: Script iniciado.
[03-Feb-2026 00:40:06 UTC] API: PHPMailer Exception.php carregado com sucesso.
[03-Feb-2026 00:40:06 UTC] API: PHPMailer PHPMailer.php carregado com sucesso.
[03-Feb-2026 00:40:06 UTC] API: PHPMailer SMTP.php carregado com sucesso.
[02-Feb-2026 21:40:08 America/Sao_Paulo] API: config.php carregado com sucesso.
[02-Feb-2026 21:40:08 America/Sao_Paulo] API: Ação recebida: get_member_exclusive_offers
[03-Feb-2026 00:59:10 UTC] API: Script iniciado.
[03-Feb-2026 00:59:10 UTC] API: PHPMailer Exception.php carregado com sucesso.
[03-Feb-2026 00:59:10 UTC] API: PHPMailer PHPMailer.php carregado com sucesso.
[03-Feb-2026 00:59:10 UTC] API: PHPMailer SMTP.php carregado com sucesso.
[02-Feb-2026 21:59:10 America/Sao_Paulo] API: config.php carregado com sucesso.
[02-Feb-2026 21:59:10 America/Sao_Paulo] API: Ação recebida: get_dashboard_data
[03-Feb-2026 01:02:03 UTC] API: Script iniciado.
[03-Feb-2026 01:02:03 UTC] API: PHPMailer Exception.php carregado com sucesso.
[03-Feb-2026 01:02:03 UTC] API: PHPMailer PHPMailer.php carregado com sucesso.
[03-Feb-2026 01:02:03 UTC] API: PHPMailer SMTP.php carregado com sucesso.
[02-Feb-2026 22:02:03 America/Sao_Paulo] API: config.php carregado com sucesso.
[02-Feb-2026 22:02:03 America/Sao_Paulo] API: Ação recebida: get_member_exclusive_offers
[03-Feb-2026 01:17:55 UTC] API: Script iniciado.
[03-Feb-2026 01:17:55 UTC] API: PHPMailer Exception.php carregado com sucesso.
[03-Feb-2026 01:17:55 UTC] API: PHPMailer PHPMailer.php carregado com sucesso.
[03-Feb-2026 01:17:55 UTC] API: PHPMailer SMTP.php carregado com sucesso.
[02-Feb-2026 22:17:55 America/Sao_Paulo] API: config.php carregado com sucesso.
[02-Feb-2026 22:17:55 America/Sao_Paulo] API: Ação recebida: get_dashboard_data
[03-Feb-2026 01:18:59 UTC] API: Script iniciado.
[03-Feb-2026 01:18:59 UTC] API: PHPMailer Exception.php carregado com sucesso.
[03-Feb-2026 01:18:59 UTC] API: PHPMailer PHPMailer.php carregado com sucesso.
[03-Feb-2026 01:18:59 UTC] API: PHPMailer SMTP.php carregado com sucesso.
[02-Feb-2026 22:18:59 America/Sao_Paulo] API: config.php carregado com sucesso.
[02-Feb-2026 22:18:59 America/Sao_Paulo] API: Ação recebida: get_member_exclusive_offers
[03-Feb-2026 01:26:57 UTC] API: Script iniciado.
[03-Feb-2026 01:26:57 UTC] API: PHPMailer Exception.php carregado com sucesso.
[03-Feb-2026 01:26:57 UTC] API: PHPMailer PHPMailer.php carregado com sucesso.
[03-Feb-2026 01:26:57 UTC] API: PHPMailer SMTP.php carregado com sucesso.
[02-Feb-2026 22:26:57 America/Sao_Paulo] API: config.php carregado com sucesso.
[02-Feb-2026 22:26:57 America/Sao_Paulo] API: Ação recebida: get_dashboard_data
[03-Feb-2026 01:27:44 UTC] API: Script iniciado.
[03-Feb-2026 01:27:44 UTC] API: PHPMailer Exception.php carregado com sucesso.
[03-Feb-2026 01:27:44 UTC] API: PHPMailer PHPMailer.php carregado com sucesso.
[03-Feb-2026 01:27:44 UTC] API: PHPMailer SMTP.php carregado com sucesso.
[02-Feb-2026 22:27:44 America/Sao_Paulo] API: config.php carregado com sucesso.
[02-Feb-2026 22:27:44 America/Sao_Paulo] API: Ação recebida: get_member_exclusive_offers
[03-Feb-2026 01:27:51 UTC] API: Script iniciado.
[03-Feb-2026 01:27:51 UTC] API: PHPMailer Exception.php carregado com sucesso.
[03-Feb-2026 01:27:51 UTC] API: PHPMailer PHPMailer.php carregado com sucesso.
[03-Feb-2026 01:27:51 UTC] API: PHPMailer SMTP.php carregado com sucesso.
[02-Feb-2026 22:27:51 America/Sao_Paulo] API: config.php carregado com sucesso.
[02-Feb-2026 22:27:51 America/Sao_Paulo] API: Ação recebida: get_member_exclusive_offers
[03-Feb-2026 01:41:48 UTC] API: Script iniciado.
[03-Feb-2026 01:41:48 UTC] API: PHPMailer Exception.php carregado com sucesso.
[03-Feb-2026 01:41:48 UTC] API: PHPMailer PHPMailer.php carregado com sucesso.
[03-Feb-2026 01:41:48 UTC] API: PHPMailer SMTP.php carregado com sucesso.
[02-Feb-2026 22:41:48 America/Sao_Paulo] API: config.php carregado com sucesso.
[02-Feb-2026 22:41:48 America/Sao_Paulo] API: Ação recebida: get_dashboard_data
[03-Feb-2026 01:47:35 UTC] API: Script iniciado.
[03-Feb-2026 01:47:35 UTC] API: PHPMailer Exception.php carregado com sucesso.
[03-Feb-2026 01:47:35 UTC] API: PHPMailer PHPMailer.php carregado com sucesso.
[03-Feb-2026 01:47:35 UTC] API: PHPMailer SMTP.php carregado com sucesso.
[02-Feb-2026 22:47:35 America/Sao_Paulo] API: config.php carregado com sucesso.
[02-Feb-2026 22:47:35 America/Sao_Paulo] API: Ação recebida: get_dashboard_data
[03-Feb-2026 01:47:47 UTC] API: Script iniciado.
[03-Feb-2026 01:47:47 UTC] API: PHPMailer Exception.php carregado com sucesso.
[03-Feb-2026 01:47:47 UTC] API: PHPMailer PHPMailer.php carregado com sucesso.
[03-Feb-2026 01:47:47 UTC] API: PHPMailer SMTP.php carregado com sucesso.
[02-Feb-2026 22:47:47 America/Sao_Paulo] API: config.php carregado com sucesso.
[02-Feb-2026 22:47:47 America/Sao_Paulo] API: Ação recebida: get_member_exclusive_offers
[03-Feb-2026 01:47:57 UTC] API: Script iniciado.
[03-Feb-2026 01:47:57 UTC] API: PHPMailer Exception.php carregado com sucesso.
[03-Feb-2026 01:47:57 UTC] API: PHPMailer PHPMailer.php carregado com sucesso.
[03-Feb-2026 01:47:57 UTC] API: PHPMailer SMTP.php carregado com sucesso.
[02-Feb-2026 22:47:57 America/Sao_Paulo] API: config.php carregado com sucesso.
[02-Feb-2026 22:47:57 America/Sao_Paulo] API: Ação recebida: get_dashboard_data
[03-Feb-2026 01:58:56 UTC] API: Script iniciado.
[03-Feb-2026 01:58:56 UTC] API: PHPMailer Exception.php carregado com sucesso.
[03-Feb-2026 01:58:56 UTC] API: PHPMailer PHPMailer.php carregado com sucesso.
[03-Feb-2026 01:58:56 UTC] API: PHPMailer SMTP.php carregado com sucesso.
[02-Feb-2026 22:58:56 America/Sao_Paulo] API: config.php carregado com sucesso.
[02-Feb-2026 22:58:56 America/Sao_Paulo] API: Ação recebida: get_dashboard_data
[03-Feb-2026 02:00:21 UTC] API: Script iniciado.
[03-Feb-2026 02:00:21 UTC] API: PHPMailer Exception.php carregado com sucesso.
[03-Feb-2026 02:00:21 UTC] API: PHPMailer PHPMailer.php carregado com sucesso.
[03-Feb-2026 02:00:21 UTC] API: PHPMailer SMTP.php carregado com sucesso.
[02-Feb-2026 23:00:21 America/Sao_Paulo] API: config.php carregado com sucesso.
[02-Feb-2026 23:00:21 America/Sao_Paulo] API: Ação recebida: get_member_exclusive_offers
[03-Feb-2026 02:05:26 UTC] API: Script iniciado.
[03-Feb-2026 02:05:26 UTC] API: PHPMailer Exception.php carregado com sucesso.
[03-Feb-2026 02:05:26 UTC] API: PHPMailer PHPMailer.php carregado com sucesso.
[03-Feb-2026 02:05:26 UTC] API: PHPMailer SMTP.php carregado com sucesso.
[02-Feb-2026 23:05:26 America/Sao_Paulo] API: config.php carregado com sucesso.
[02-Feb-2026 23:05:26 America/Sao_Paulo] API: Ação recebida: get_dashboard_data
[03-Feb-2026 02:07:07 UTC] API: Script iniciado.
[03-Feb-2026 02:07:07 UTC] API: PHPMailer Exception.php carregado com sucesso.
[03-Feb-2026 02:07:07 UTC] API: PHPMailer PHPMailer.php carregado com sucesso.
[03-Feb-2026 02:07:07 UTC] API: PHPMailer SMTP.php carregado com sucesso.
[02-Feb-2026 23:07:07 America/Sao_Paulo] API: config.php carregado com sucesso.
[02-Feb-2026 23:07:07 America/Sao_Paulo] API: Ação recebida: get_member_exclusive_offers
[03-Feb-2026 02:07:37 UTC] API: Script iniciado.
[03-Feb-2026 02:07:37 UTC] API: PHPMailer Exception.php carregado com sucesso.
[03-Feb-2026 02:07:37 UTC] API: PHPMailer PHPMailer.php carregado com sucesso.
[03-Feb-2026 02:07:37 UTC] API: PHPMailer SMTP.php carregado com sucesso.
[02-Feb-2026 23:07:37 America/Sao_Paulo] API: config.php carregado com sucesso.
[02-Feb-2026 23:07:37 America/Sao_Paulo] API: Ação recebida: get_dashboard_data
[03-Feb-2026 02:08:19 UTC] API: Script iniciado.
[03-Feb-2026 02:08:19 UTC] API: PHPMailer Exception.php carregado com sucesso.
[03-Feb-2026 02:08:19 UTC] API: PHPMailer PHPMailer.php carregado com sucesso.
[03-Feb-2026 02:08:19 UTC] API: PHPMailer SMTP.php carregado com sucesso.
[02-Feb-2026 23:08:19 America/Sao_Paulo] API: config.php carregado com sucesso.
[02-Feb-2026 23:08:19 America/Sao_Paulo] API: Ação recebida: get_member_exclusive_offers
[03-Feb-2026 02:09:50 UTC] API: Script iniciado.
[03-Feb-2026 02:09:50 UTC] API: PHPMailer Exception.php carregado com sucesso.
[03-Feb-2026 02:09:50 UTC] API: PHPMailer PHPMailer.php carregado com sucesso.
[03-Feb-2026 02:09:50 UTC] API: PHPMailer SMTP.php carregado com sucesso.
[02-Feb-2026 23:09:50 America/Sao_Paulo] API: config.php carregado com sucesso.
[02-Feb-2026 23:09:50 America/Sao_Paulo] API: Ação recebida: get_dashboard_data
[03-Feb-2026 02:11:02 UTC] API: Script iniciado.
[03-Feb-2026 02:11:02 UTC] API: PHPMailer Exception.php carregado com sucesso.
[03-Feb-2026 02:11:02 UTC] API: PHPMailer PHPMailer.php carregado com sucesso.
[03-Feb-2026 02:11:02 UTC] API: PHPMailer SMTP.php carregado com sucesso.
[02-Feb-2026 23:11:02 America/Sao_Paulo] API: config.php carregado com sucesso.
[02-Feb-2026 23:11:02 America/Sao_Paulo] API: Ação recebida: get_member_exclusive_offers
[03-Feb-2026 02:11:48 UTC] API: Script iniciado.
[03-Feb-2026 02:11:48 UTC] API: PHPMailer Exception.php carregado com sucesso.
[03-Feb-2026 02:11:48 UTC] API: PHPMailer PHPMailer.php carregado com sucesso.
[03-Feb-2026 02:11:48 UTC] API: PHPMailer SMTP.php carregado com sucesso.
[02-Feb-2026 23:11:48 America/Sao_Paulo] API: config.php carregado com sucesso.
[02-Feb-2026 23:11:48 America/Sao_Paulo] API: Ação recebida: get_dashboard_data
[03-Feb-2026 02:22:32 UTC] API: Script iniciado.
[03-Feb-2026 02:22:32 UTC] API: PHPMailer Exception.php carregado com sucesso.
[03-Feb-2026 02:22:32 UTC] API: PHPMailer PHPMailer.php carregado com sucesso.
[03-Feb-2026 02:22:32 UTC] API: PHPMailer SMTP.php carregado com sucesso.
[02-Feb-2026 23:22:32 America/Sao_Paulo] API: config.php carregado com sucesso.
[02-Feb-2026 23:22:32 America/Sao_Paulo] API: Ação recebida: get_member_exclusive_offers
[03-Feb-2026 02:29:09 UTC] API: Script iniciado.
[03-Feb-2026 02:29:09 UTC] API: PHPMailer Exception.php carregado com sucesso.
[03-Feb-2026 02:29:09 UTC] API: PHPMailer PHPMailer.php carregado com sucesso.
[03-Feb-2026 02:29:09 UTC] API: PHPMailer SMTP.php carregado com sucesso.
[02-Feb-2026 23:29:09 America/Sao_Paulo] API: config.php carregado com sucesso.
[02-Feb-2026 23:29:09 America/Sao_Paulo] API: Ação recebida: get_member_exclusive_offers
[03-Feb-2026 02:29:31 UTC] API: Script iniciado.
[03-Feb-2026 02:29:31 UTC] API: PHPMailer Exception.php carregado com sucesso.
[03-Feb-2026 02:29:31 UTC] API: PHPMailer PHPMailer.php carregado com sucesso.
[03-Feb-2026 02:29:31 UTC] API: PHPMailer SMTP.php carregado com sucesso.
[02-Feb-2026 23:29:31 America/Sao_Paulo] API: config.php carregado com sucesso.
[02-Feb-2026 23:29:31 America/Sao_Paulo] API: Ação recebida: get_dashboard_data
[03-Feb-2026 02:30:51 UTC] API: Script iniciado.
[03-Feb-2026 02:30:51 UTC] API: PHPMailer Exception.php carregado com sucesso.
[03-Feb-2026 02:30:51 UTC] API: PHPMailer PHPMailer.php carregado com sucesso.
[03-Feb-2026 02:30:51 UTC] API: PHPMailer SMTP.php carregado com sucesso.
[02-Feb-2026 23:30:51 America/Sao_Paulo] API: config.php carregado com sucesso.
[02-Feb-2026 23:30:51 America/Sao_Paulo] API: Ação recebida: get_member_exclusive_offers
[03-Feb-2026 02:38:38 UTC] API: Script iniciado.
[03-Feb-2026 02:38:38 UTC] API: PHPMailer Exception.php carregado com sucesso.
[03-Feb-2026 02:38:38 UTC] API: PHPMailer PHPMailer.php carregado com sucesso.
[03-Feb-2026 02:38:38 UTC] API: PHPMailer SMTP.php carregado com sucesso.
[02-Feb-2026 23:38:38 America/Sao_Paulo] API: config.php carregado com sucesso.
[02-Feb-2026 23:38:38 America/Sao_Paulo] API: Ação recebida: get_member_exclusive_offers
[03-Feb-2026 02:38:44 UTC] API: Script iniciado.
[03-Feb-2026 02:38:44 UTC] API: PHPMailer Exception.php carregado com sucesso.
[03-Feb-2026 02:38:44 UTC] API: PHPMailer PHPMailer.php carregado com sucesso.
[03-Feb-2026 02:38:44 UTC] API: PHPMailer SMTP.php carregado com sucesso.
[02-Feb-2026 23:38:44 America/Sao_Paulo] API: config.php carregado com sucesso.
[02-Feb-2026 23:38:44 America/Sao_Paulo] API: Ação recebida: get_dashboard_data
[03-Feb-2026 02:39:37 UTC] API: Script iniciado.
[03-Feb-2026 02:39:37 UTC] API: PHPMailer Exception.php carregado com sucesso.
[03-Feb-2026 02:39:37 UTC] API: PHPMailer PHPMailer.php carregado com sucesso.
[03-Feb-2026 02:39:37 UTC] API: PHPMailer SMTP.php carregado com sucesso.
[02-Feb-2026 23:39:37 America/Sao_Paulo] API: config.php carregado com sucesso.
[02-Feb-2026 23:39:37 America/Sao_Paulo] API: Ação recebida: get_member_exclusive_offers
[03-Feb-2026 02:48:25 UTC] API: Script iniciado.
[03-Feb-2026 02:48:25 UTC] API: PHPMailer Exception.php carregado com sucesso.
[03-Feb-2026 02:48:25 UTC] API: PHPMailer PHPMailer.php carregado com sucesso.
[03-Feb-2026 02:48:25 UTC] API: PHPMailer SMTP.php carregado com sucesso.
[02-Feb-2026 23:48:25 America/Sao_Paulo] API: config.php carregado com sucesso.
[02-Feb-2026 23:48:25 America/Sao_Paulo] API: Ação recebida: get_member_exclusive_offers
[03-Feb-2026 02:59:48 UTC] API: Script iniciado.
[03-Feb-2026 02:59:48 UTC] API: PHPMailer Exception.php carregado com sucesso.
[03-Feb-2026 02:59:48 UTC] API: PHPMailer PHPMailer.php carregado com sucesso.
[03-Feb-2026 02:59:48 UTC] API: PHPMailer SMTP.php carregado com sucesso.
[02-Feb-2026 23:59:48 America/Sao_Paulo] API: config.php carregado com sucesso.
[02-Feb-2026 23:59:48 America/Sao_Paulo] API: Ação recebida: get_member_exclusive_offers
[03-Feb-2026 03:10:05 UTC] API: Script iniciado.
[03-Feb-2026 03:10:05 UTC] API: PHPMailer Exception.php carregado com sucesso.
[03-Feb-2026 03:10:05 UTC] API: PHPMailer PHPMailer.php carregado com sucesso.
[03-Feb-2026 03:10:05 UTC] API: PHPMailer SMTP.php carregado com sucesso.
[03-Feb-2026 00:10:05 America/Sao_Paulo] API: config.php carregado com sucesso.
[03-Feb-2026 00:10:05 America/Sao_Paulo] API: Ação recebida: get_member_exclusive_offers
[03-Feb-2026 09:12:31 UTC] API: Script iniciado.
[03-Feb-2026 09:12:31 UTC] API: PHPMailer Exception.php carregado com sucesso.
[03-Feb-2026 09:12:31 UTC] API: PHPMailer PHPMailer.php carregado com sucesso.
[03-Feb-2026 09:12:31 UTC] API: PHPMailer SMTP.php carregado com sucesso.
[03-Feb-2026 06:12:31 America/Sao_Paulo] API: config.php carregado com sucesso.
[03-Feb-2026 06:12:31 America/Sao_Paulo] API: Ação recebida: get_member_exclusive_offers
[03-Feb-2026 09:12:44 UTC] API: Script iniciado.
[03-Feb-2026 09:12:44 UTC] API: PHPMailer Exception.php carregado com sucesso.
[03-Feb-2026 09:12:44 UTC] API: PHPMailer PHPMailer.php carregado com sucesso.
[03-Feb-2026 09:12:44 UTC] API: PHPMailer SMTP.php carregado com sucesso.
[03-Feb-2026 06:12:44 America/Sao_Paulo] API: config.php carregado com sucesso.
[03-Feb-2026 06:12:44 America/Sao_Paulo] API: Ação recebida: get_member_exclusive_offers
[03-Feb-2026 11:50:04 UTC] API: Script iniciado.
[03-Feb-2026 11:50:04 UTC] API: PHPMailer Exception.php carregado com sucesso.
[03-Feb-2026 11:50:04 UTC] API: PHPMailer PHPMailer.php carregado com sucesso.
[03-Feb-2026 11:50:04 UTC] API: PHPMailer SMTP.php carregado com sucesso.
[03-Feb-2026 08:50:04 America/Sao_Paulo] API: config.php carregado com sucesso.
[03-Feb-2026 08:50:04 America/Sao_Paulo] API: Ação recebida: get_member_exclusive_offers
[03-Feb-2026 11:50:41 UTC] API: Script iniciado.
[03-Feb-2026 11:50:41 UTC] API: PHPMailer Exception.php carregado com sucesso.
[03-Feb-2026 11:50:41 UTC] API: PHPMailer PHPMailer.php carregado com sucesso.
[03-Feb-2026 11:50:41 UTC] API: PHPMailer SMTP.php carregado com sucesso.
[03-Feb-2026 08:50:41 America/Sao_Paulo] API: config.php carregado com sucesso.
[03-Feb-2026 08:50:41 America/Sao_Paulo] API: Ação recebida: get_member_exclusive_offers
[03-Feb-2026 11:53:37 UTC] API: Script iniciado.
[03-Feb-2026 11:53:37 UTC] API: PHPMailer Exception.php carregado com sucesso.
[03-Feb-2026 11:53:37 UTC] API: PHPMailer PHPMailer.php carregado com sucesso.
[03-Feb-2026 11:53:37 UTC] API: PHPMailer SMTP.php carregado com sucesso.
[03-Feb-2026 08:53:37 America/Sao_Paulo] API: config.php carregado com sucesso.
[03-Feb-2026 08:53:37 America/Sao_Paulo] API: Ação recebida: get_member_exclusive_offers
[03-Feb-2026 17:01:31 UTC] API: Script iniciado.
[03-Feb-2026 17:01:31 UTC] API: PHPMailer Exception.php carregado com sucesso.
[03-Feb-2026 17:01:31 UTC] API: PHPMailer PHPMailer.php carregado com sucesso.
[03-Feb-2026 17:01:31 UTC] API: PHPMailer SMTP.php carregado com sucesso.
[03-Feb-2026 14:01:31 America/Sao_Paulo] API: config.php carregado com sucesso.
[03-Feb-2026 14:01:31 America/Sao_Paulo] API: Ação recebida: get_member_exclusive_offers
[03-Feb-2026 17:03:42 UTC] API: Script iniciado.
[03-Feb-2026 17:03:42 UTC] API: PHPMailer Exception.php carregado com sucesso.
[03-Feb-2026 17:03:42 UTC] API: PHPMailer PHPMailer.php carregado com sucesso.
[03-Feb-2026 17:03:42 UTC] API: PHPMailer SMTP.php carregado com sucesso.
[03-Feb-2026 14:03:43 America/Sao_Paulo] API: config.php carregado com sucesso.
[03-Feb-2026 14:03:43 America/Sao_Paulo] API: Ação recebida: get_member_exclusive_offers
[03-Feb-2026 17:04:23 UTC] API: Script iniciado.
[03-Feb-2026 17:04:23 UTC] API: PHPMailer Exception.php carregado com sucesso.
[03-Feb-2026 17:04:23 UTC] API: PHPMailer PHPMailer.php carregado com sucesso.
[03-Feb-2026 17:04:23 UTC] API: PHPMailer SMTP.php carregado com sucesso.
[03-Feb-2026 14:04:23 America/Sao_Paulo] API: config.php carregado com sucesso.
[03-Feb-2026 14:04:23 America/Sao_Paulo] API: Ação recebida: get_member_exclusive_offers
[03-Feb-2026 17:05:04 UTC] API: Script iniciado.
[03-Feb-2026 17:05:04 UTC] API: PHPMailer Exception.php carregado com sucesso.
[03-Feb-2026 17:05:04 UTC] API: PHPMailer PHPMailer.php carregado com sucesso.
[03-Feb-2026 17:05:04 UTC] API: PHPMailer SMTP.php carregado com sucesso.
[03-Feb-2026 14:05:04 America/Sao_Paulo] API: config.php carregado com sucesso.
[03-Feb-2026 14:05:04 America/Sao_Paulo] API: Ação recebida: get_member_exclusive_offers
[03-Feb-2026 17:05:39 UTC] API: Script iniciado.
[03-Feb-2026 17:05:39 UTC] API: PHPMailer Exception.php carregado com sucesso.
[03-Feb-2026 17:05:39 UTC] API: PHPMailer PHPMailer.php carregado com sucesso.
[03-Feb-2026 17:05:39 UTC] API: PHPMailer SMTP.php carregado com sucesso.
[03-Feb-2026 14:05:39 America/Sao_Paulo] API: config.php carregado com sucesso.
[03-Feb-2026 14:05:39 America/Sao_Paulo] API: Ação recebida: get_member_exclusive_offers
[03-Feb-2026 20:21:40 UTC] API: Script iniciado.
[03-Feb-2026 20:21:40 UTC] API: PHPMailer Exception.php carregado com sucesso.
[03-Feb-2026 20:21:40 UTC] API: PHPMailer PHPMailer.php carregado com sucesso.
[03-Feb-2026 20:21:40 UTC] API: PHPMailer SMTP.php carregado com sucesso.
[03-Feb-2026 17:21:40 America/Sao_Paulo] API: config.php carregado com sucesso.
[03-Feb-2026 17:21:40 America/Sao_Paulo] API: Ação recebida: get_dashboard_data
[03-Feb-2026 22:47:05 UTC] API: Script iniciado.
[03-Feb-2026 22:47:05 UTC] API: PHPMailer Exception.php carregado com sucesso.
[03-Feb-2026 22:47:05 UTC] API: PHPMailer PHPMailer.php carregado com sucesso.
[03-Feb-2026 22:47:05 UTC] API: PHPMailer SMTP.php carregado com sucesso.
[03-Feb-2026 19:47:05 America/Sao_Paulo] API: config.php carregado com sucesso.
[03-Feb-2026 19:47:05 America/Sao_Paulo] API: Ação recebida: get_member_exclusive_offers
[03-Feb-2026 22:50:06 UTC] API: Script iniciado.
[03-Feb-2026 22:50:06 UTC] API: PHPMailer Exception.php carregado com sucesso.
[03-Feb-2026 22:50:06 UTC] API: PHPMailer PHPMailer.php carregado com sucesso.
[03-Feb-2026 22:50:06 UTC] API: PHPMailer SMTP.php carregado com sucesso.
[03-Feb-2026 19:50:06 America/Sao_Paulo] API: config.php carregado com sucesso.
[03-Feb-2026 19:50:06 America/Sao_Paulo] API: Ação recebida: get_dashboard_data
[03-Feb-2026 22:51:12 UTC] API: Script iniciado.
[03-Feb-2026 22:51:12 UTC] API: PHPMailer Exception.php carregado com sucesso.
[03-Feb-2026 22:51:12 UTC] API: PHPMailer PHPMailer.php carregado com sucesso.
[03-Feb-2026 22:51:12 UTC] API: PHPMailer SMTP.php carregado com sucesso.
[03-Feb-2026 19:51:12 America/Sao_Paulo] API: config.php carregado com sucesso.
[03-Feb-2026 19:51:12 America/Sao_Paulo] API: Ação recebida: get_dashboard_data
[03-Feb-2026 22:55:23 UTC] API: Script iniciado.
[03-Feb-2026 22:55:23 UTC] API: PHPMailer Exception.php carregado com sucesso.
[03-Feb-2026 22:55:23 UTC] API: PHPMailer PHPMailer.php carregado com sucesso.
[03-Feb-2026 22:55:23 UTC] API: PHPMailer SMTP.php carregado com sucesso.
[03-Feb-2026 19:55:23 America/Sao_Paulo] API: config.php carregado com sucesso.
[03-Feb-2026 19:55:23 America/Sao_Paulo] API: Ação recebida: get_member_exclusive_offers
[03-Feb-2026 22:59:25 UTC] API: Script iniciado.
[03-Feb-2026 22:59:25 UTC] API: PHPMailer Exception.php carregado com sucesso.
[03-Feb-2026 22:59:25 UTC] API: PHPMailer PHPMailer.php carregado com sucesso.
[03-Feb-2026 22:59:25 UTC] API: PHPMailer SMTP.php carregado com sucesso.
[03-Feb-2026 19:59:25 America/Sao_Paulo] API: config.php carregado com sucesso.
[03-Feb-2026 19:59:25 America/Sao_Paulo] API: Ação recebida: get_member_exclusive_offers
[03-Feb-2026 23:03:32 UTC] API: Script iniciado.
[03-Feb-2026 23:03:32 UTC] API: PHPMailer Exception.php carregado com sucesso.
[03-Feb-2026 23:03:32 UTC] API: PHPMailer PHPMailer.php carregado com sucesso.
[03-Feb-2026 23:03:32 UTC] API: PHPMailer SMTP.php carregado com sucesso.
[03-Feb-2026 20:03:32 America/Sao_Paulo] API: config.php carregado com sucesso.
[03-Feb-2026 20:03:32 America/Sao_Paulo] API: Ação recebida: get_dashboard_data
[03-Feb-2026 23:07:31 UTC] API: Script iniciado.
[03-Feb-2026 23:07:31 UTC] API: PHPMailer Exception.php carregado com sucesso.
[03-Feb-2026 23:07:31 UTC] API: PHPMailer PHPMailer.php carregado com sucesso.
[03-Feb-2026 23:07:31 UTC] API: PHPMailer SMTP.php carregado com sucesso.
[03-Feb-2026 20:07:31 America/Sao_Paulo] API: config.php carregado com sucesso.
[03-Feb-2026 20:07:31 America/Sao_Paulo] API: Ação recebida: get_member_exclusive_offers
[03-Feb-2026 23:50:31 UTC] API: Script iniciado.
[03-Feb-2026 23:50:31 UTC] API: PHPMailer Exception.php carregado com sucesso.
[03-Feb-2026 23:50:31 UTC] API: PHPMailer PHPMailer.php carregado com sucesso.
[03-Feb-2026 23:50:31 UTC] API: PHPMailer SMTP.php carregado com sucesso.
[03-Feb-2026 20:50:31 America/Sao_Paulo] API: config.php carregado com sucesso.
[03-Feb-2026 20:50:31 America/Sao_Paulo] API: Ação recebida: get_member_exclusive_offers
[03-Feb-2026 23:50:39 UTC] API: Script iniciado.
[03-Feb-2026 23:50:39 UTC] API: PHPMailer Exception.php carregado com sucesso.
[03-Feb-2026 23:50:39 UTC] API: PHPMailer PHPMailer.php carregado com sucesso.
[03-Feb-2026 23:50:39 UTC] API: PHPMailer SMTP.php carregado com sucesso.
[03-Feb-2026 20:50:39 America/Sao_Paulo] API: config.php carregado com sucesso.
[03-Feb-2026 20:50:39 America/Sao_Paulo] API: Ação recebida: get_dashboard_data
[04-Feb-2026 00:35:22 UTC] API: Script iniciado.
[04-Feb-2026 00:35:22 UTC] API: PHPMailer Exception.php carregado com sucesso.
[04-Feb-2026 00:35:22 UTC] API: PHPMailer PHPMailer.php carregado com sucesso.
[04-Feb-2026 00:35:22 UTC] API: PHPMailer SMTP.php carregado com sucesso.
[03-Feb-2026 21:35:22 America/Sao_Paulo] API: config.php carregado com sucesso.
[03-Feb-2026 21:35:22 America/Sao_Paulo] API: Ação recebida: get_member_exclusive_offers
[04-Feb-2026 00:37:23 UTC] API: Script iniciado.
[04-Feb-2026 00:37:23 UTC] API: PHPMailer Exception.php carregado com sucesso.
[04-Feb-2026 00:37:23 UTC] API: PHPMailer PHPMailer.php carregado com sucesso.
[04-Feb-2026 00:37:23 UTC] API: PHPMailer SMTP.php carregado com sucesso.
[03-Feb-2026 21:37:23 America/Sao_Paulo] API: config.php carregado com sucesso.
[03-Feb-2026 21:37:23 America/Sao_Paulo] API: Ação recebida: get_dashboard_data
[04-Feb-2026 00:48:31 UTC] API: Script iniciado.
[04-Feb-2026 00:48:31 UTC] API: PHPMailer Exception.php carregado com sucesso.
[04-Feb-2026 00:48:31 UTC] API: PHPMailer PHPMailer.php carregado com sucesso.
[04-Feb-2026 00:48:31 UTC] API: PHPMailer SMTP.php carregado com sucesso.
[03-Feb-2026 21:48:31 America/Sao_Paulo] API: config.php carregado com sucesso.
[03-Feb-2026 21:48:31 America/Sao_Paulo] API: Ação recebida: get_member_exclusive_offers
[04-Feb-2026 00:49:53 UTC] API: Script iniciado.
[04-Feb-2026 00:49:53 UTC] API: PHPMailer Exception.php carregado com sucesso.
[04-Feb-2026 00:49:53 UTC] API: PHPMailer PHPMailer.php carregado com sucesso.
[04-Feb-2026 00:49:53 UTC] API: PHPMailer SMTP.php carregado com sucesso.
[03-Feb-2026 21:49:53 America/Sao_Paulo] API: config.php carregado com sucesso.
[03-Feb-2026 21:49:53 America/Sao_Paulo] API: Ação recebida: get_dashboard_data
[04-Feb-2026 00:52:30 UTC] API: Script iniciado.
[04-Feb-2026 00:52:30 UTC] API: PHPMailer Exception.php carregado com sucesso.
[04-Feb-2026 00:52:30 UTC] API: PHPMailer PHPMailer.php carregado com sucesso.
[04-Feb-2026 00:52:30 UTC] API: PHPMailer SMTP.php carregado com sucesso.
[03-Feb-2026 21:52:30 America/Sao_Paulo] API: config.php carregado com sucesso.
[03-Feb-2026 21:52:30 America/Sao_Paulo] API: Ação recebida: get_member_exclusive_offers
[04-Feb-2026 00:53:48 UTC] API: Script iniciado.
[04-Feb-2026 00:53:48 UTC] API: PHPMailer Exception.php carregado com sucesso.
[04-Feb-2026 00:53:48 UTC] API: PHPMailer PHPMailer.php carregado com sucesso.
[04-Feb-2026 00:53:48 UTC] API: PHPMailer SMTP.php carregado com sucesso.
[03-Feb-2026 21:53:48 America/Sao_Paulo] API: config.php carregado com sucesso.
[03-Feb-2026 21:53:48 America/Sao_Paulo] API: Ação recebida: get_dashboard_data
[04-Feb-2026 00:58:20 UTC] API: Script iniciado.
[04-Feb-2026 00:58:20 UTC] API: PHPMailer Exception.php carregado com sucesso.
[04-Feb-2026 00:58:20 UTC] API: PHPMailer PHPMailer.php carregado com sucesso.
[04-Feb-2026 00:58:20 UTC] API: PHPMailer SMTP.php carregado com sucesso.
[03-Feb-2026 21:58:20 America/Sao_Paulo] API: config.php carregado com sucesso.
[03-Feb-2026 21:58:20 America/Sao_Paulo] API: Ação recebida: get_member_exclusive_offers
[04-Feb-2026 01:01:38 UTC] API: Script iniciado.
[04-Feb-2026 01:01:38 UTC] API: PHPMailer Exception.php carregado com sucesso.
[04-Feb-2026 01:01:38 UTC] API: PHPMailer PHPMailer.php carregado com sucesso.
[04-Feb-2026 01:01:38 UTC] API: PHPMailer SMTP.php carregado com sucesso.
[03-Feb-2026 22:01:38 America/Sao_Paulo] API: config.php carregado com sucesso.
[03-Feb-2026 22:01:38 America/Sao_Paulo] API: Ação recebida: get_member_exclusive_offers
[04-Feb-2026 01:03:03 UTC] API: Script iniciado.
[04-Feb-2026 01:03:03 UTC] API: PHPMailer Exception.php carregado com sucesso.
[04-Feb-2026 01:03:03 UTC] API: PHPMailer PHPMailer.php carregado com sucesso.
[04-Feb-2026 01:03:03 UTC] API: PHPMailer SMTP.php carregado com sucesso.
[03-Feb-2026 22:03:03 America/Sao_Paulo] API: config.php carregado com sucesso.
[03-Feb-2026 22:03:03 America/Sao_Paulo] API: Ação recebida: get_dashboard_data
[04-Feb-2026 01:03:26 UTC] API: Script iniciado.
[04-Feb-2026 01:03:26 UTC] API: PHPMailer Exception.php carregado com sucesso.
[04-Feb-2026 01:03:26 UTC] API: PHPMailer PHPMailer.php carregado com sucesso.
[04-Feb-2026 01:03:26 UTC] API: PHPMailer SMTP.php carregado com sucesso.
[03-Feb-2026 22:03:26 America/Sao_Paulo] API: config.php carregado com sucesso.
[03-Feb-2026 22:03:26 America/Sao_Paulo] API: Ação recebida: get_member_exclusive_offers
[04-Feb-2026 01:03:50 UTC] API: Script iniciado.
[04-Feb-2026 01:03:50 UTC] API: PHPMailer Exception.php carregado com sucesso.
[04-Feb-2026 01:03:50 UTC] API: PHPMailer PHPMailer.php carregado com sucesso.
[04-Feb-2026 01:03:50 UTC] API: PHPMailer SMTP.php carregado com sucesso.
[03-Feb-2026 22:03:50 America/Sao_Paulo] API: config.php carregado com sucesso.
[03-Feb-2026 22:03:50 America/Sao_Paulo] API: Ação recebida: get_dashboard_data
[04-Feb-2026 01:04:23 UTC] API: Script iniciado.
[04-Feb-2026 01:04:23 UTC] API: PHPMailer Exception.php carregado com sucesso.
[04-Feb-2026 01:04:23 UTC] API: PHPMailer PHPMailer.php carregado com sucesso.
[04-Feb-2026 01:04:23 UTC] API: PHPMailer SMTP.php carregado com sucesso.
[03-Feb-2026 22:04:23 America/Sao_Paulo] API: config.php carregado com sucesso.
[03-Feb-2026 22:04:23 America/Sao_Paulo] API: Ação recebida: get_member_exclusive_offers
[04-Feb-2026 01:04:51 UTC] API: Script iniciado.
[04-Feb-2026 01:04:51 UTC] API: PHPMailer Exception.php carregado com sucesso.
[04-Feb-2026 01:04:51 UTC] API: PHPMailer PHPMailer.php carregado com sucesso.
[04-Feb-2026 01:04:51 UTC] API: PHPMailer SMTP.php carregado com sucesso.
[03-Feb-2026 22:04:51 America/Sao_Paulo] API: config.php carregado com sucesso.
[03-Feb-2026 22:04:51 America/Sao_Paulo] API: Ação recebida: get_dashboard_data
[04-Feb-2026 01:12:45 UTC] API: Script iniciado.
[04-Feb-2026 01:12:45 UTC] API: PHPMailer Exception.php carregado com sucesso.
[04-Feb-2026 01:12:45 UTC] API: PHPMailer PHPMailer.php carregado com sucesso.
[04-Feb-2026 01:12:45 UTC] API: PHPMailer SMTP.php carregado com sucesso.
[03-Feb-2026 22:12:45 America/Sao_Paulo] API: config.php carregado com sucesso.
[03-Feb-2026 22:12:45 America/Sao_Paulo] API: Ação recebida: get_member_exclusive_offers
[04-Feb-2026 01:15:27 UTC] API: Script iniciado.
[04-Feb-2026 01:15:27 UTC] API: PHPMailer Exception.php carregado com sucesso.
[04-Feb-2026 01:15:27 UTC] API: PHPMailer PHPMailer.php carregado com sucesso.
[04-Feb-2026 01:15:27 UTC] API: PHPMailer SMTP.php carregado com sucesso.
[03-Feb-2026 22:15:27 America/Sao_Paulo] API: config.php carregado com sucesso.
[03-Feb-2026 22:15:27 America/Sao_Paulo] API: Ação recebida: get_member_exclusive_offers
[04-Feb-2026 01:16:14 UTC] API: Script iniciado.
[04-Feb-2026 01:16:14 UTC] API: PHPMailer Exception.php carregado com sucesso.
[04-Feb-2026 01:16:14 UTC] API: PHPMailer PHPMailer.php carregado com sucesso.
[04-Feb-2026 01:16:14 UTC] API: PHPMailer SMTP.php carregado com sucesso.
[03-Feb-2026 22:16:14 America/Sao_Paulo] API: config.php carregado com sucesso.
[03-Feb-2026 22:16:14 America/Sao_Paulo] API: Ação recebida: get_member_exclusive_offers
[04-Feb-2026 01:17:11 UTC] API: Script iniciado.
[04-Feb-2026 01:17:11 UTC] API: PHPMailer Exception.php carregado com sucesso.
[04-Feb-2026 01:17:11 UTC] API: PHPMailer PHPMailer.php carregado com sucesso.
[04-Feb-2026 01:17:11 UTC] API: PHPMailer SMTP.php carregado com sucesso.
[03-Feb-2026 22:17:11 America/Sao_Paulo] API: config.php carregado com sucesso.
[03-Feb-2026 22:17:11 America/Sao_Paulo] API: Ação recebida: get_member_exclusive_offers
[04-Feb-2026 01:18:15 UTC] API: Script iniciado.
[04-Feb-2026 01:18:15 UTC] API: PHPMailer Exception.php carregado com sucesso.
[04-Feb-2026 01:18:15 UTC] API: PHPMailer PHPMailer.php carregado com sucesso.
[04-Feb-2026 01:18:15 UTC] API: PHPMailer SMTP.php carregado com sucesso.
[03-Feb-2026 22:18:15 America/Sao_Paulo] API: config.php carregado com sucesso.
[03-Feb-2026 22:18:15 America/Sao_Paulo] API: Ação recebida: get_dashboard_data
[04-Feb-2026 01:23:45 UTC] API: Script iniciado.
[04-Feb-2026 01:23:45 UTC] API: PHPMailer Exception.php carregado com sucesso.
[04-Feb-2026 01:23:45 UTC] API: PHPMailer PHPMailer.php carregado com sucesso.
[04-Feb-2026 01:23:45 UTC] API: PHPMailer SMTP.php carregado com sucesso.
[03-Feb-2026 22:23:45 America/Sao_Paulo] API: config.php carregado com sucesso.
[03-Feb-2026 22:23:45 America/Sao_Paulo] API: Ação recebida: get_member_exclusive_offers
[04-Feb-2026 01:25:23 UTC] API: Script iniciado.
[04-Feb-2026 01:25:23 UTC] API: PHPMailer Exception.php carregado com sucesso.
[04-Feb-2026 01:25:23 UTC] API: PHPMailer PHPMailer.php carregado com sucesso.
[04-Feb-2026 01:25:23 UTC] API: PHPMailer SMTP.php carregado com sucesso.
[03-Feb-2026 22:25:23 America/Sao_Paulo] API: config.php carregado com sucesso.
[03-Feb-2026 22:25:23 America/Sao_Paulo] API: Ação recebida: get_member_exclusive_offers
[04-Feb-2026 01:25:57 UTC] API: Script iniciado.
[04-Feb-2026 01:25:57 UTC] API: PHPMailer Exception.php carregado com sucesso.
[04-Feb-2026 01:25:57 UTC] API: PHPMailer PHPMailer.php carregado com sucesso.
[04-Feb-2026 01:25:57 UTC] API: PHPMailer SMTP.php carregado com sucesso.
[03-Feb-2026 22:25:57 America/Sao_Paulo] API: config.php carregado com sucesso.
[03-Feb-2026 22:25:57 America/Sao_Paulo] API: Ação recebida: get_member_exclusive_offers
[04-Feb-2026 01:29:19 UTC] API: Script iniciado.
[04-Feb-2026 01:29:19 UTC] API: PHPMailer Exception.php carregado com sucesso.
[04-Feb-2026 01:29:19 UTC] API: PHPMailer PHPMailer.php carregado com sucesso.
[04-Feb-2026 01:29:19 UTC] API: PHPMailer SMTP.php carregado com sucesso.
[03-Feb-2026 22:29:19 America/Sao_Paulo] API: config.php carregado com sucesso.
[03-Feb-2026 22:29:19 America/Sao_Paulo] API: Ação recebida: get_dashboard_data
[04-Feb-2026 01:29:55 UTC] API: Script iniciado.
[04-Feb-2026 01:29:55 UTC] API: PHPMailer Exception.php carregado com sucesso.
[04-Feb-2026 01:29:55 UTC] API: PHPMailer PHPMailer.php carregado com sucesso.
[04-Feb-2026 01:29:55 UTC] API: PHPMailer SMTP.php carregado com sucesso.
[03-Feb-2026 22:29:55 America/Sao_Paulo] API: config.php carregado com sucesso.
[03-Feb-2026 22:29:55 America/Sao_Paulo] API: Ação recebida: get_member_exclusive_offers
[04-Feb-2026 01:30:44 UTC] API: Script iniciado.
[04-Feb-2026 01:30:44 UTC] API: PHPMailer Exception.php carregado com sucesso.
[04-Feb-2026 01:30:44 UTC] API: PHPMailer PHPMailer.php carregado com sucesso.
[04-Feb-2026 01:30:44 UTC] API: PHPMailer SMTP.php carregado com sucesso.
[03-Feb-2026 22:30:44 America/Sao_Paulo] API: config.php carregado com sucesso.
[03-Feb-2026 22:30:44 America/Sao_Paulo] API: Ação recebida: get_dashboard_data
[04-Feb-2026 01:37:58 UTC] API: Script iniciado.
[04-Feb-2026 01:37:58 UTC] API: PHPMailer Exception.php carregado com sucesso.
[04-Feb-2026 01:37:58 UTC] API: PHPMailer PHPMailer.php carregado com sucesso.
[04-Feb-2026 01:37:58 UTC] API: PHPMailer SMTP.php carregado com sucesso.
[03-Feb-2026 22:37:58 America/Sao_Paulo] API: config.php carregado com sucesso.
[03-Feb-2026 22:37:58 America/Sao_Paulo] API: Ação recebida: get_dashboard_data
[04-Feb-2026 01:46:55 UTC] API: Script iniciado.
[04-Feb-2026 01:46:55 UTC] API: PHPMailer Exception.php carregado com sucesso.
[04-Feb-2026 01:46:55 UTC] API: PHPMailer PHPMailer.php carregado com sucesso.
[04-Feb-2026 01:46:55 UTC] API: PHPMailer SMTP.php carregado com sucesso.
[03-Feb-2026 22:46:55 America/Sao_Paulo] API: config.php carregado com sucesso.
[03-Feb-2026 22:46:55 America/Sao_Paulo] API: Ação recebida: get_member_exclusive_offers
[04-Feb-2026 01:47:19 UTC] API: Script iniciado.
[04-Feb-2026 01:47:19 UTC] API: PHPMailer Exception.php carregado com sucesso.
[04-Feb-2026 01:47:19 UTC] API: PHPMailer PHPMailer.php carregado com sucesso.
[04-Feb-2026 01:47:19 UTC] API: PHPMailer SMTP.php carregado com sucesso.
[03-Feb-2026 22:47:19 America/Sao_Paulo] API: config.php carregado com sucesso.
[03-Feb-2026 22:47:19 America/Sao_Paulo] API: Ação recebida: get_dashboard_data
[04-Feb-2026 01:48:15 UTC] API: Script iniciado.
[04-Feb-2026 01:48:15 UTC] API: PHPMailer Exception.php carregado com sucesso.
[04-Feb-2026 01:48:15 UTC] API: PHPMailer PHPMailer.php carregado com sucesso.
[04-Feb-2026 01:48:15 UTC] API: PHPMailer SMTP.php carregado com sucesso.
[03-Feb-2026 22:48:15 America/Sao_Paulo] API: config.php carregado com sucesso.
[03-Feb-2026 22:48:15 America/Sao_Paulo] API: Ação recebida: get_member_exclusive_offers
[04-Feb-2026 01:50:25 UTC] API: Script iniciado.
[04-Feb-2026 01:50:25 UTC] API: PHPMailer Exception.php carregado com sucesso.
[04-Feb-2026 01:50:25 UTC] API: PHPMailer PHPMailer.php carregado com sucesso.
[04-Feb-2026 01:50:25 UTC] API: PHPMailer SMTP.php carregado com sucesso.
[03-Feb-2026 22:50:25 America/Sao_Paulo] API: config.php carregado com sucesso.
[03-Feb-2026 22:50:25 America/Sao_Paulo] API: Ação recebida: get_dashboard_data
[04-Feb-2026 01:52:04 UTC] API: Script iniciado.
[04-Feb-2026 01:52:04 UTC] API: PHPMailer Exception.php carregado com sucesso.
[04-Feb-2026 01:52:04 UTC] API: PHPMailer PHPMailer.php carregado com sucesso.
[04-Feb-2026 01:52:04 UTC] API: PHPMailer SMTP.php carregado com sucesso.
[03-Feb-2026 22:52:04 America/Sao_Paulo] API: config.php carregado com sucesso.
[03-Feb-2026 22:52:04 America/Sao_Paulo] API: Ação recebida: get_member_exclusive_offers
[04-Feb-2026 01:52:15 UTC] API: Script iniciado.
[04-Feb-2026 01:52:15 UTC] API: PHPMailer Exception.php carregado com sucesso.
[04-Feb-2026 01:52:15 UTC] API: PHPMailer PHPMailer.php carregado com sucesso.
[04-Feb-2026 01:52:15 UTC] API: PHPMailer SMTP.php carregado com sucesso.
[03-Feb-2026 22:52:15 America/Sao_Paulo] API: config.php carregado com sucesso.
[03-Feb-2026 22:52:15 America/Sao_Paulo] API: Ação recebida: get_member_exclusive_offers
[04-Feb-2026 01:54:01 UTC] API: Script iniciado.
[04-Feb-2026 01:54:01 UTC] API: PHPMailer Exception.php carregado com sucesso.
[04-Feb-2026 01:54:01 UTC] API: PHPMailer PHPMailer.php carregado com sucesso.
[04-Feb-2026 01:54:01 UTC] API: PHPMailer SMTP.php carregado com sucesso.
[03-Feb-2026 22:54:01 America/Sao_Paulo] API: config.php carregado com sucesso.
[03-Feb-2026 22:54:01 America/Sao_Paulo] API: Ação recebida: get_member_exclusive_offers
[04-Feb-2026 01:56:35 UTC] API: Script iniciado.
[04-Feb-2026 01:56:35 UTC] API: PHPMailer Exception.php carregado com sucesso.
[04-Feb-2026 01:56:35 UTC] API: PHPMailer PHPMailer.php carregado com sucesso.
[04-Feb-2026 01:56:35 UTC] API: PHPMailer SMTP.php carregado com sucesso.
[03-Feb-2026 22:56:35 America/Sao_Paulo] API: config.php carregado com sucesso.
[03-Feb-2026 22:56:35 America/Sao_Paulo] API: Ação recebida: get_dashboard_data
[04-Feb-2026 02:01:38 UTC] API: Script iniciado.
[04-Feb-2026 02:01:38 UTC] API: PHPMailer Exception.php carregado com sucesso.
[04-Feb-2026 02:01:38 UTC] API: PHPMailer PHPMailer.php carregado com sucesso.
[04-Feb-2026 02:01:38 UTC] API: PHPMailer SMTP.php carregado com sucesso.
[03-Feb-2026 23:01:38 America/Sao_Paulo] API: config.php carregado com sucesso.
[03-Feb-2026 23:01:38 America/Sao_Paulo] API: Ação recebida: get_member_exclusive_offers
[04-Feb-2026 02:07:49 UTC] API: Script iniciado.
[04-Feb-2026 02:07:49 UTC] API: PHPMailer Exception.php carregado com sucesso.
[04-Feb-2026 02:07:49 UTC] API: PHPMailer PHPMailer.php carregado com sucesso.
[04-Feb-2026 02:07:49 UTC] API: PHPMailer SMTP.php carregado com sucesso.
[03-Feb-2026 23:07:49 America/Sao_Paulo] API: config.php carregado com sucesso.
[03-Feb-2026 23:07:49 America/Sao_Paulo] API: Ação recebida: get_member_exclusive_offers
[04-Feb-2026 02:21:39 UTC] API: Script iniciado.
[04-Feb-2026 02:21:39 UTC] API: PHPMailer Exception.php carregado com sucesso.
[04-Feb-2026 02:21:39 UTC] API: PHPMailer PHPMailer.php carregado com sucesso.
[04-Feb-2026 02:21:39 UTC] API: PHPMailer SMTP.php carregado com sucesso.
[03-Feb-2026 23:21:39 America/Sao_Paulo] API: config.php carregado com sucesso.
[03-Feb-2026 23:21:39 America/Sao_Paulo] API: Ação recebida: get_dashboard_data
[04-Feb-2026 02:22:56 UTC] API: Script iniciado.
[04-Feb-2026 02:22:56 UTC] API: PHPMailer Exception.php carregado com sucesso.
[04-Feb-2026 02:22:56 UTC] API: PHPMailer PHPMailer.php carregado com sucesso.
[04-Feb-2026 02:22:56 UTC] API: PHPMailer SMTP.php carregado com sucesso.
[03-Feb-2026 23:22:56 America/Sao_Paulo] API: config.php carregado com sucesso.
[03-Feb-2026 23:22:56 America/Sao_Paulo] API: Ação recebida: get_member_exclusive_offers
[04-Feb-2026 02:30:08 UTC] API: Script iniciado.
[04-Feb-2026 02:30:08 UTC] API: PHPMailer Exception.php carregado com sucesso.
[04-Feb-2026 02:30:08 UTC] API: PHPMailer PHPMailer.php carregado com sucesso.
[04-Feb-2026 02:30:08 UTC] API: PHPMailer SMTP.php carregado com sucesso.
[03-Feb-2026 23:30:08 America/Sao_Paulo] API: config.php carregado com sucesso.
[03-Feb-2026 23:30:08 America/Sao_Paulo] API: Ação recebida: get_member_exclusive_offers
[04-Feb-2026 02:33:28 UTC] API: Script iniciado.
[04-Feb-2026 02:33:28 UTC] API: PHPMailer Exception.php carregado com sucesso.
[04-Feb-2026 02:33:28 UTC] API: PHPMailer PHPMailer.php carregado com sucesso.
[04-Feb-2026 02:33:28 UTC] API: PHPMailer SMTP.php carregado com sucesso.
[03-Feb-2026 23:33:28 America/Sao_Paulo] API: config.php carregado com sucesso.
[03-Feb-2026 23:33:28 America/Sao_Paulo] API: Ação recebida: get_member_exclusive_offers
[04-Feb-2026 09:07:23 UTC] API: Script iniciado.
[04-Feb-2026 09:07:23 UTC] API: PHPMailer Exception.php carregado com sucesso.
[04-Feb-2026 09:07:23 UTC] API: PHPMailer PHPMailer.php carregado com sucesso.
[04-Feb-2026 09:07:23 UTC] API: PHPMailer SMTP.php carregado com sucesso.
[04-Feb-2026 06:07:23 America/Sao_Paulo] API: config.php carregado com sucesso.
[04-Feb-2026 06:07:23 America/Sao_Paulo] API: Ação recebida: get_dashboard_data
[04-Feb-2026 09:07:32 UTC] API: Script iniciado.
[04-Feb-2026 09:07:32 UTC] API: PHPMailer Exception.php carregado com sucesso.
[04-Feb-2026 09:07:32 UTC] API: PHPMailer PHPMailer.php carregado com sucesso.
[04-Feb-2026 09:07:32 UTC] API: PHPMailer SMTP.php carregado com sucesso.
[04-Feb-2026 06:07:32 America/Sao_Paulo] API: config.php carregado com sucesso.
[04-Feb-2026 06:07:32 America/Sao_Paulo] API: Ação recebida: get_dashboard_data
[04-Feb-2026 09:07:34 UTC] API: Script iniciado.
[04-Feb-2026 09:07:34 UTC] API: PHPMailer Exception.php carregado com sucesso.
[04-Feb-2026 09:07:34 UTC] API: PHPMailer PHPMailer.php carregado com sucesso.
[04-Feb-2026 09:07:34 UTC] API: PHPMailer SMTP.php carregado com sucesso.
[04-Feb-2026 06:07:34 America/Sao_Paulo] API: config.php carregado com sucesso.
[04-Feb-2026 06:07:34 America/Sao_Paulo] API: Ação recebida: get_dashboard_data
[04-Feb-2026 09:07:44 UTC] API: Script iniciado.
[04-Feb-2026 09:07:44 UTC] API: PHPMailer Exception.php carregado com sucesso.
[04-Feb-2026 09:07:44 UTC] API: PHPMailer PHPMailer.php carregado com sucesso.
[04-Feb-2026 09:07:44 UTC] API: PHPMailer SMTP.php carregado com sucesso.
[04-Feb-2026 06:07:45 America/Sao_Paulo] API: config.php carregado com sucesso.
[04-Feb-2026 06:07:45 America/Sao_Paulo] API: Ação recebida: get_dashboard_data
[04-Feb-2026 09:08:29 UTC] API: Script iniciado.
[04-Feb-2026 09:08:29 UTC] API: PHPMailer Exception.php carregado com sucesso.
[04-Feb-2026 09:08:29 UTC] API: PHPMailer PHPMailer.php carregado com sucesso.
[04-Feb-2026 09:08:29 UTC] API: PHPMailer SMTP.php carregado com sucesso.
[04-Feb-2026 06:08:29 America/Sao_Paulo] API: config.php carregado com sucesso.
[04-Feb-2026 06:08:29 America/Sao_Paulo] API: Ação recebida: get_dashboard_data
[04-Feb-2026 09:15:28 UTC] API: Script iniciado.
[04-Feb-2026 09:15:28 UTC] API: PHPMailer Exception.php carregado com sucesso.
[04-Feb-2026 09:15:28 UTC] API: PHPMailer PHPMailer.php carregado com sucesso.
[04-Feb-2026 09:15:28 UTC] API: PHPMailer SMTP.php carregado com sucesso.
[04-Feb-2026 06:15:28 America/Sao_Paulo] API: config.php carregado com sucesso.
[04-Feb-2026 06:15:28 America/Sao_Paulo] API: Ação recebida: get_dashboard_data
[04-Feb-2026 09:15:45 UTC] API: Script iniciado.
[04-Feb-2026 09:15:45 UTC] API: PHPMailer Exception.php carregado com sucesso.
[04-Feb-2026 09:15:45 UTC] API: PHPMailer PHPMailer.php carregado com sucesso.
[04-Feb-2026 09:15:45 UTC] API: PHPMailer SMTP.php carregado com sucesso.
[04-Feb-2026 06:15:45 America/Sao_Paulo] API: config.php carregado com sucesso.
[04-Feb-2026 06:15:45 America/Sao_Paulo] API: Ação recebida: get_member_exclusive_offers
[04-Feb-2026 11:19:43 UTC] API: Script iniciado.
[04-Feb-2026 11:19:43 UTC] API: PHPMailer Exception.php carregado com sucesso.
[04-Feb-2026 11:19:43 UTC] API: PHPMailer PHPMailer.php carregado com sucesso.
[04-Feb-2026 11:19:43 UTC] API: PHPMailer SMTP.php carregado com sucesso.
[04-Feb-2026 08:19:43 America/Sao_Paulo] API: config.php carregado com sucesso.
[04-Feb-2026 08:19:43 America/Sao_Paulo] API: Ação recebida: get_dashboard_data
[04-Feb-2026 11:27:26 UTC] API: Script iniciado.
[04-Feb-2026 11:27:26 UTC] API: PHPMailer Exception.php carregado com sucesso.
[04-Feb-2026 11:27:26 UTC] API: PHPMailer PHPMailer.php carregado com sucesso.
[04-Feb-2026 11:27:26 UTC] API: PHPMailer SMTP.php carregado com sucesso.
[04-Feb-2026 08:27:26 America/Sao_Paulo] API: config.php carregado com sucesso.
[04-Feb-2026 08:27:26 America/Sao_Paulo] API: Ação recebida: get_member_exclusive_offers
[04-Feb-2026 11:48:49 UTC] API: Script iniciado.
[04-Feb-2026 11:48:49 UTC] API: PHPMailer Exception.php carregado com sucesso.
[04-Feb-2026 11:48:49 UTC] API: PHPMailer PHPMailer.php carregado com sucesso.
[04-Feb-2026 11:48:49 UTC] API: PHPMailer SMTP.php carregado com sucesso.
[04-Feb-2026 08:48:49 America/Sao_Paulo] API: config.php carregado com sucesso.
[04-Feb-2026 08:48:49 America/Sao_Paulo] API: Ação recebida: get_member_exclusive_offers
[04-Feb-2026 11:48:54 UTC] API: Script iniciado.
[04-Feb-2026 11:48:54 UTC] API: PHPMailer Exception.php carregado com sucesso.
[04-Feb-2026 11:48:54 UTC] API: PHPMailer PHPMailer.php carregado com sucesso.
[04-Feb-2026 11:48:54 UTC] API: PHPMailer SMTP.php carregado com sucesso.
[04-Feb-2026 08:48:54 America/Sao_Paulo] API: config.php carregado com sucesso.
[04-Feb-2026 08:48:54 America/Sao_Paulo] API: Ação recebida: get_dashboard_data
[04-Feb-2026 13:05:47 UTC] API: Script iniciado.
[04-Feb-2026 13:05:47 UTC] API: PHPMailer Exception.php carregado com sucesso.
[04-Feb-2026 13:05:47 UTC] API: PHPMailer PHPMailer.php carregado com sucesso.
[04-Feb-2026 13:05:47 UTC] API: PHPMailer SMTP.php carregado com sucesso.
[04-Feb-2026 10:05:47 America/Sao_Paulo] API: config.php carregado com sucesso.
[04-Feb-2026 10:05:47 America/Sao_Paulo] API: Ação recebida: get_dashboard_data
[04-Feb-2026 13:06:49 UTC] API: Script iniciado.
[04-Feb-2026 13:06:49 UTC] API: PHPMailer Exception.php carregado com sucesso.
[04-Feb-2026 13:06:49 UTC] API: PHPMailer PHPMailer.php carregado com sucesso.
[04-Feb-2026 13:06:49 UTC] API: PHPMailer SMTP.php carregado com sucesso.
[04-Feb-2026 10:06:49 America/Sao_Paulo] API: config.php carregado com sucesso.
[04-Feb-2026 10:06:49 America/Sao_Paulo] API: Ação recebida: get_member_exclusive_offers
[04-Feb-2026 13:07:13 UTC] API: Script iniciado.
[04-Feb-2026 13:07:13 UTC] API: PHPMailer Exception.php carregado com sucesso.
[04-Feb-2026 13:07:13 UTC] API: PHPMailer PHPMailer.php carregado com sucesso.
[04-Feb-2026 13:07:13 UTC] API: PHPMailer SMTP.php carregado com sucesso.
[04-Feb-2026 10:07:13 America/Sao_Paulo] API: config.php carregado com sucesso.
[04-Feb-2026 10:07:13 America/Sao_Paulo] API: Ação recebida: get_dashboard_data
[04-Feb-2026 13:09:45 UTC] API: Script iniciado.
[04-Feb-2026 13:09:45 UTC] API: PHPMailer Exception.php carregado com sucesso.
[04-Feb-2026 13:09:45 UTC] API: PHPMailer PHPMailer.php carregado com sucesso.
[04-Feb-2026 13:09:45 UTC] API: PHPMailer SMTP.php carregado com sucesso.
[04-Feb-2026 10:09:45 America/Sao_Paulo] API: config.php carregado com sucesso.
[04-Feb-2026 10:09:45 America/Sao_Paulo] API: Ação recebida: get_member_exclusive_offers
[04-Feb-2026 13:11:00 UTC] API: Script iniciado.
[04-Feb-2026 13:11:00 UTC] API: PHPMailer Exception.php carregado com sucesso.
[04-Feb-2026 13:11:00 UTC] API: PHPMailer PHPMailer.php carregado com sucesso.
[04-Feb-2026 13:11:00 UTC] API: PHPMailer SMTP.php carregado com sucesso.
[04-Feb-2026 10:11:00 America/Sao_Paulo] API: config.php carregado com sucesso.
[04-Feb-2026 10:11:00 America/Sao_Paulo] API: Ação recebida: get_dashboard_data
[04-Feb-2026 13:12:13 UTC] API: Script iniciado.
[04-Feb-2026 13:12:13 UTC] API: PHPMailer Exception.php carregado com sucesso.
[04-Feb-2026 13:12:13 UTC] API: PHPMailer PHPMailer.php carregado com sucesso.
[04-Feb-2026 13:12:13 UTC] API: PHPMailer SMTP.php carregado com sucesso.
[04-Feb-2026 10:12:13 America/Sao_Paulo] API: config.php carregado com sucesso.
[04-Feb-2026 10:12:13 America/Sao_Paulo] API: Ação recebida: get_member_exclusive_offers
[04-Feb-2026 13:12:48 UTC] API: Script iniciado.
[04-Feb-2026 13:12:48 UTC] API: PHPMailer Exception.php carregado com sucesso.
[04-Feb-2026 13:12:48 UTC] API: PHPMailer PHPMailer.php carregado com sucesso.
[04-Feb-2026 13:12:48 UTC] API: PHPMailer SMTP.php carregado com sucesso.
[04-Feb-2026 10:12:48 America/Sao_Paulo] API: config.php carregado com sucesso.
[04-Feb-2026 10:12:48 America/Sao_Paulo] API: Ação recebida: get_dashboard_data
[04-Feb-2026 13:13:11 UTC] API: Script iniciado.
[04-Feb-2026 13:13:11 UTC] API: PHPMailer Exception.php carregado com sucesso.
[04-Feb-2026 13:13:11 UTC] API: PHPMailer PHPMailer.php carregado com sucesso.
[04-Feb-2026 13:13:11 UTC] API: PHPMailer SMTP.php carregado com sucesso.
[04-Feb-2026 10:13:11 America/Sao_Paulo] API: config.php carregado com sucesso.
[04-Feb-2026 10:13:11 America/Sao_Paulo] API: Ação recebida: get_member_exclusive_offers
[04-Feb-2026 13:13:34 UTC] API: Script iniciado.
[04-Feb-2026 13:13:34 UTC] API: PHPMailer Exception.php carregado com sucesso.
[04-Feb-2026 13:13:34 UTC] API: PHPMailer PHPMailer.php carregado com sucesso.
[04-Feb-2026 13:13:34 UTC] API: PHPMailer SMTP.php carregado com sucesso.
[04-Feb-2026 10:13:34 America/Sao_Paulo] API: config.php carregado com sucesso.
[04-Feb-2026 10:13:34 America/Sao_Paulo] API: Ação recebida: get_dashboard_data
